KEN_id,Description,Base_cost,AverageStay,Additional_daily_cost
Ε01Α,Μεταμόσχευση ήπατος,28907,26,1111.807692
Ε03Α,Μεταμόσχευση καρδιάς- πνευμόνων,50379,35,1439.4
Ε04Α,Μεταμοσχεύσεις Πνευμόνων,30015,20,1500.75
Ε05Α,Μεταμόσχευση Καρδιάς,34279,40,856.975
Ε06Μ,Τραχειοστομία με μηχανική υποστήριξη αναπνοής > 95 ώρες με καταστροφικές συνυπάρχουσες παθήσεις-επιπλοκές,39863,47,848.1489362
Ε06Χα,Τραχειοστομία με μηχανική υποστήριξη αναπνοής > 95 ώρες χωρίς καταστροφικές συνυπάρχουσες παθήσεις-επιπλοκές ή τραχειοστομία/(ή)μηχανική υποστήριξη αναπνοής > 95 ώρες με καταστροφικές συνυπάρχουσες παθήσεις-επιπλοκές,20597,25,823.88
Ε06Χβ,Μηχανική υποστήριξη αναπνοής > 95 ώρες χωρίς καταστροφικές συνυπάρχουσες παθήσεις-επιπλοκές,15548,16,971.75
Ε06Χγ,Τραχειοστομία χωρίς καταστροφικές συνυπάρχουσες παθήσεις-επιπλοκές,8261,15,550.7333333
Ε07Α,Αλλογενής μεταμόσχευση μυελού οστών,26508,34,779.6470588
Ε08Μ,Αυτόλογη μεταμόσχευση μυελού οστών με καταστροφικές συνυπάρχουσες παθήσεις- επιπλοκές,10017,24,417.375
Ε08Χ,Αυτόλογη μεταμόσχευση μυελού οστών χωρίς καταστροφικές συνυπάρχουσες παθήσεις- επιπλοκές,3683,10,368.3
Ε09Α,Μεταμόσχευση νεφρού+παγκρέατος,15346,16,959.125
Ε09Β,Μεταμόσχευση νεφρού χωρίς μεταμόσχευση παγκρέατος,9669,8,1208.625
Ε09Γ,Μεταμόσχευση παγκρέατος,10706,15,713.7333333
Ε10Α,Εμφύτευση συσκευών κοιλιακής υποβοήθησης,94009,54,1740.907407
Ε11Μ,Τοποθέτηση εμφυτεύσιμων συσκευών έγχυσης σπονδυλικής στήλης με καταστροφικές συνυπάρχουσες παθήσεις- επιπλοκές,10704,15,713.6
Ε11Χ,Τοποθέτηση εμφυτεύσιμων συσκευών έγχυσης σπονδυλικής στήλης χωρίς καταστροφικές συνυπάρχουσες παθήσεις- επιπλοκές,5302,6,883.6666667
Ε12Α,Εμφύτευση συσκευής νευροδιέγερσης,6414,3,2138
Ε13Α,Εξωσωματική συσκευή οξυγόνωσης ECMO,37063,31,1195.580645
Ν01Μ,Επανεπέμβαση κοιλιακής παροχεύτεσης με καταστροφικές ή σοβαρές συνυπάρχουσες παθήσεις – επιπλοκές,2528,7,361.1428571
Ν01Χ,Επανεπέμβαση κοιλιακής παροχεύτεσης χωρίς καταστροφικές ή σοβαρές συνυπάρχουσες παθήσεις – επιπλοκές,1980,5,396
Ν02Μα,Επεμβάσεις κρανίου με καταστροφικές συνυπάρχουσες παθήσεις - επιπλοκές,7730,18,429.4444444
Ν02Μβ,Επεμβάσεις κρανίου με σοβαρές συνυπάρχουσες παθήσεις - επιπλοκές,4721,11,429.1818182
Ν02Χ,Επεμβάσεις κρανίου χωρίς καταστροφικές ή σοβαρές συνυπάρχουσες παθήσεις - επιπλοκές,3836,7,548
Ν03Μ,Επεμβάσεις σπονδυλικής στήλης με καταστροφικές ή σοβαρές συνυπάρχουσες παθήσεις – επιπλοκές,5914,15,394.2666667
Ν03Χ,Επεμβάσεις σπονδυλικής στήλης χωρίς καταστροφικές ή σοβαρές συνυπάρχουσες παθήσεις – επιπλοκές,3990,5,798
Ν04Μ,Εξωκράνιες αγγειοχειρουργικές επεμβάσεις με καταστροφικές συνυπάρχουσες παθήσεις - επιπλοκές,4267,12,355.5833333
Ν04Χ,Εξωκράνιες αγγειοχειρουργικές επεμβάσεις χωρίς καταστροφικές συνυπάρχουσες παθήσεις - επιπλοκές,2470,4,617.5
Ν05Α,Αποσυμπίεση καρπιαίου σωλήνα,439,1,439
Ν06Μ,Επεμβάσεις για παράλυση προσωπικού νεύρου. μυϊκή δυστροφία. νευροπάθεια με συνυπάρχουσες παθήσεις - επιπλοκές,3297,13,253.6153846
Ν06Χ,Επεμβάσεις για παράλυση προσωπικού νεύρου. μυϊκή δυστροφία. νευροπάθεια χωρίς συνυπάρχουσες παθήσεις - επιπλοκές,969,2,484.5
Ν07Μ,Επεμβάσεις σε περιφερικά νεύρα και εγκεφαλικές συζυγίες και άλλες επεμβάσεις του νευρικού συστήματος με συνυπάρχουσες παθήσεις - επιπλοκές,2513,9,279.2222222
Ν07Χ,Επεμβάσεις σε περιφερικά νεύρα και εγκεφαλικές συζυγίες και άλλες επεμβάσεις του νευρικού συστήματος χωρίς συνυπάρχουσες παθήσεις - επιπλοκές,1110,2,555
Ν10Α,Πλασμαφαίρεση με νευρολογική νόσο-συμμετοχή. την ίδια ημέρα,163,1,163
Ν11Α,Τηλεμετρικός έλεγχος-καταγραφή ηλεκτροεγκεφαλογραφήματος,1331,5,266.2
Ν12Μ,Διάγνωση νοσήματαoς νευρικού συστήματος με υποστήριξη αναπνευστήρα με καταστροφικές συνυπάρχουσες παθήσεις - επιπλοκές,5390,13,414.6153846
Ν12Χ,Διάγνωση νoσήματος νευρικού συστήματος με υποστήριξη αναπνευστήρα χωρίς καταστροφικές συνυπάρχουσες παθήσεις - επιπλοκές,3720,7,531.4285714
Ν20Μ,Οξεία εμφάνιση παραπληγίας/τετραπληγίας με ή χωρίς χειρουργικές επεμβάσεις με καταστροφικές συνυπάρχουσες παθήσεις - επιπλοκές,6919,25,276.76
Ν20Χ,Οξεία εμφάνιση παραπληγίας / τετραπληγίας με ή χωρίς χειρουργικές επεμβάσεις χωρίς καταστροφικές συνυπάρχουσες παθήσεις - επιπλοκές,2576,10,257.6
Ν21Μ,Καταστάσεις νωτιαίου μυελού με ή χωρίς χειρουργικές επεμβάσεις με καταστροφικές ή σοβαρές συνυπάρχουσες παθήσεις – επιπλοκές,4960,16,310
Ν21Χ,Καταστάσεις νωτιαίου μυελού με ή χωρίς χειρουργικές επεμβάσεις χωρίς καταστροφικές ή σοβαρές συνυπάρχουσες παθήσεις – επιπλοκές,1885,5,377
Ν22Α,Αφαίρεση- εξωσωματική θεραπεία αίματος,243,1,243
Ν23Α,Άνοια (ανοικτή συνδρομή) και άλλες χρόνιες δυσλειτουργίες της εγκεφαλικής λειτουργίας,2109,13,162.2307692
Ν24Μ,Παραλήρημα /Διέγερση με καταστροφικές συνυπάρχουσες παθήσεις - επιπλοκές,2389,13,183.7692308
Ν24Χ,Παραλήρημα /Διέγερση με /χωρίς καταστροφικές συνυπάρχουσες παθήσεις - επιπλοκές,1159,6,193.1666667
Ν25Α,Εγκεφαλική παράλυση,482,2,241
Ν26Μ,Νεοπλάσματα νευρικού συστήματος με καταστροφικές ή σοβαρές συνυπάρχουσες παθήσεις – επιπλοκές,2062,9,229.1111111
Ν26Χ,Νεοπλάσματα νευρικού συστήματος χωρίς καταστροφικές ή σοβαρές συνυπάρχουσες παθήσεις – επιπλοκές,872,4,218
Ν27Μα,Εκφυλιστικά νοσήματα-διαταραχές νευρικού συστήματος με καταστροφικές ή σοβαρές συνυπάρχουσες παθήσεις – επιπλοκές,2529,13,194.5384615
Ν27Μβ,Εκφυλιστικά νοσήματα -διαταραχές νευρικού συστήματος με μεσαίας βαρύτητας συνυπάρχουσες παθήσεις – επιπλοκές,1307,8,163.375
Ν27Χ,Εκφυλιστικά νοσήματα (διαταραχές) νευρικού συστήματος χωρίς συνυπάρχουσες παθήσεις – επιπλοκές,482,3,160.6666667
Ν28Μ,Σκλήρυνση κατά πλάκας και παρεγκεφαλιδική αταξία με συνυπάρχουσες παθήσεις - επιπλοκές,1907,9,211.8888889
Ν68Χ,Σκλήρυνση κατά πλάκας και παρεγκεφαλιδική αταξία χωρίς συνυπάρχουσες παθήσεις - επιπλοκές,565,2,282.5
Ν29Μ,Παροδικό εγκεφαλικό ισχαιμικό επεισόδιο και προεγκεφαλιδική απόφραξη με καταστροφικές ή σοβαρές συνυπάρχουσες παθήσεις – επιπλοκές,1230,6,205
Ν29Χ,Παροδικό ισχαιμικό επεισόδιο και προεγκεφαλιδική απόφραξη χωρίς καταστροφικές ή σοβαρές συνυπάρχουσες παθήσεις – επιπλοκές,545,3,181.6666667
Ν30Α,Αγγειακό εγκεφαλικό επεισόδιο και άλλες αγγειακές εγκεφαλικές δυσλειτουργίες. ασθενούς που κατέληξε ή διακοσμήθηκε σε <5ημέρες,420,2,210
Ν30Μα,Αγγειακό εγκεφαλικό επεισόδιο και άλλες αγγειακές εγκεφαλικές δυσλειτουργίες με καταστροφικές συνυπάρχουσες παθήσεις - επιπλοκές,3408,17,200.4705882
Ν30Μβ,Αγγειακό εγκεφαλικό επεισόδιο και άλλες αγγειακές εγκεφαλικές δυσλειτουργίες με σοβαρές συνυπάρχουσες παθήσεις - επιπλοκές,1860,9,206.6666667
Ν30Χ,Αγγειακό εγκεφαλικό επεισόδιο και άλλες αγγειακές εγκεφαλικές δυσλειτουργίες χωρίς καταστροφικές ή σοβαρές συνυπάρχουσες παθήσεις - επιπλοκές,1191,6,198.5
Ν31Μ,Δυσλειτουργίες κρανιακών ή περιφερικών νεύρων με συνυπάρχουσες παθήσεις - επιπλοκές,1510,7,215.7142857
Ν31Χ,Δυσλειτουργίες κρανιακών ή περιφερικών νεύρων χωρίς συνυπάρχουσες παθήσεις - επιπλοκές,280,2,140
Ν32Μ,Λοίμωξη νευρικού συστήματος εκτός από ιογενή μηνιγγίτιδα με καταστροφικές ή σοβαρές συνυπάρχουσες παθήσεις – επιπλοκές,3175,14,226.7857143
Ν32Χ,Λοίμωξη νευρικού συστήματος εκτός από ιογενή μηνιγγίτιδα χωρίς καταστροφικές ή σοβαρές συνυπάρχουσες παθήσεις – επιπλοκές,1183,5,236.6
Ν33Α,Ιογενής μηνιγγίτιδα,739,3,246.3333333
Ν34Χ,Μη τραυματικής αιτιολογίας βυθιότητα-λήθαργος και κώμα με συνυπάρχουσες παθήσεις – επιπλοκές,1012,5,202.4
Ν34Χ,Μη τραυματικής αιτιολογίας βυθιότητα-λήθαργος και κώμα χωρίς συνυπάρχουσες παθήσεις – επιπλοκές,374,2,187
Ν35Α,Πυρετικοί σπασμοί,350,1,350
Ν36Μ,Σπασμοί με καταστροφικές συνυπάρχουσες παθήσεις - επιπλοκές,1486,6,247.6666667
Ν36Χ,Σπασμοί χωρίς καταστροφικές συνυπάρχουσες παθήσεις - επιπλοκές,482,2,241
Ν37Α,Κεφαλαλγία,335,2,167.5
Ν38Μ,Ενδοκρανιακή (κρανιοεγκεφαλική) κάκωση με καταστροφικές ή σοβαρές συνυπάρχουσες παθήσεις – επιπλοκές,2327,10,232.7
Ν38Χ,Ενδοκρανιακή (κρανιοεγκεφαλική) κάκωση χωρίς καταστροφικές ή σοβαρές συνυπάρχουσες παθήσεις – επιπλοκές,879,4,219.75
Ν39Μ,Κατάγματα κρανίου με καταστροφικές ή σοβαρές συνυπάρχουσες παθήσεις – επιπλοκές,1323,5,264.6
Ν39Χ,Κατάγματα κρανίου χωρίς καταστροφικές ή σοβαρές συνυπάρχουσες παθήσεις – επιπλοκές,537,7,76.71428571
Ν40Α,Άλλες κακώσεις κεφαλής,272,1,272
Ν41Μ,Άλλες διαταραχές του νευρικού συστήματος με καταστροφικές ή σοβαρές συνυπάρχουσες παθήσεις – επιπλοκές,1837,10,183.7
Ν41Χ,Άλλες διαταραχές του νευρικού συστήματος χωρίς καταστροφικές ή σοβαρές συνυπάρχουσες παθήσεις – επιπλοκές,693,3,231
Ν42Μα,Χρόνια και μη διευκρινισμένη παραπληγία/ τετραπληγία με ή χωρίς χειρουργικές επεμβάσεις με καταστροφικές συνυπάρχουσες παθήσεις – επιπλοκές,5805,23,252.3913043
Ν82Μβ,Χρόνια και μη διευκρινισμένη παραπληγία/ τετραπληγία με ή χωρίς χειρουργικές επεμβάσεις με σοβαρές συνυπάρχουσες παθήσεις – επιπλοκές,2475,11,225
Ν82Χ,Χρόνια και μη διευκρινισμένη παραπληγία/ τετραπληγία με ή χωρίς χειρουργικές επεμβάσεις χωρίς καταστροφικές/σοβαρές συνυπάρχουσες παθήσεις – επιπλοκές,1416,6,236
Ο01Α,Επεμβάσεις για διατρηταίνοντες τραυματισμούς των οφθαλμών,1395,3,465
Ο02Α,Εκπυρήνωση-εξόρυξη και επεμβάσεις οφθαλμικού κόγχου,1611,3,537
Ο03Α,Επεμβάσεις αμφιβληστροειδούς,837,1,837
Ο04Α,Σοβαρές επεμβάσεις κερατοειδούς. σκληρού και επιπεφυκότα,1356,3,452
Ο05Α,Ασκορυνοστομία,896,1,896
Ο10Α,Επεμβάσεις Στραβισμού,650,1,650
Ο11Α,Επεμβάσεις βλεφάρων,639,1,639
Ο12Α,Λοιπές επεμβάσεις κερατοειδούς. σκληρού και επιπεφυκότα,583,1,583
Ο13Α,Επεμβάσεις δακρυϊκής συσκευής,336,1,336
Ο14Α,Λοιπές επεμβάσεις οφθαλμού,406,2,203
Ο15Α,Επεμβάσεις γλαυκώματος και περίπλοκες επεμβάσεις καταρράκτη,1026,2,513
Ο15Β,Επεμβάσεις γλαυκώματος και περίπλοκες επεμβάσεις καταρράκτη την ίδια μέρα,687,1,687
Ο16Α,Επεμβάσεις φακού (από καταράκτη κ.λπ.),592,1,592
Ο17Α,Μεταμοσχεύσεις Κερατοειδούς,2423,10,242.3
Ο20Μ,Επεμβάσεις για οξείες και μείζονες Λοιμώξεις του οφθαλμού με συνυπάρχουσες παθήσεις- επιπλοκές,1860,8,232.5
Ο20Χ,Επεμβάσεις για οξείες και μείζονες Λοιμώξεις του οφθαλμού χωρίς συνυπάρχουσες παθήσεις- επιπλοκές,1035,4,258.75
Ο21Μ,Νευρολογικές και αγγειακές δυσλειτουργίες του οφθαλμού με συνυπάρχουσες παθήσεις- επιπλοκές,934,5,186.8
Ο61Χ,Νευρολογικές και αγγειακές δυσλειτουργίες του οφθαλμού χωρίς συνυπάρχουσες παθήσεις- επιπλοκές,482,2,241
Ο22Α,Ύφαιμα και ιατρική αντιμετώπιση τραυματισμών του οφθαλμού,327,2,163.5
Ο23Α,Λοιπές δυσλειτουργίες οφθαλμού,420,2,210
Ω01Α,Κοχλιακά εμφυτεύματα,24000,1,24000
Ω02Μα,Επεμβάσεις κεφαλής και τραχήλου με καταστροφικές η σοβαρές συνυπάρχουσες παθήσεις,5420,11,492.7272727
Ω02Μβ,Επεμβάσεις κεφαλής και τραχήλου με κακοήθεια ή μετριοπαθείς συνυπάρχουσες παθήσεις,2570,4,642.5
Ω02Χ,Επεμβάσεις κεφαλής και τραχήλου χωρίς κακοήθεια χωρίς μετριοπαθείς συνυπάρχουσες παθήσεις,1609,2,804.5
Ω03Α,Χειρουργική διόρθωση ή επισκευή παθήσεων του λαγώχειλου ή λυκοστόματος,1281,2,640.5
Ω04Μ,Γναθοχειρουργική με συνυπάρχουσες παθήσεις-επιπλοκές,3125,4,781.25
Ω04Χ,Γναθοχειρουργική χωρίς συνυπάρχουσες παθήσεις-επιπλοκές,1934,2,967
Ω05Α,Επεμβάσεις της παρωτίδος,1859,2,929.5
Ω06Α,Επεμβάσεις παραρηνίων κόλπων και σύνθετες επεμβάσεις μέσου ωτός,1125,1,1125
Ω10Α,Επεμβάσεις ρινικές,787,1,787
Ω11Α,Αμυγδαλεκτομές και / ή Αδενοηδεκτομές,526,1,526
Ω12Α,Άλλες επεμβάσεις του ΩΡΛ και στόματος,946,1,946
Ω13Α,Τυμπανοτωμή ( Μυριγγεκτομή ) με εισαγωγή σωλήνα,347,1,347
Ω14Α,Επεμβάσεις του στόματος και σιαλογόνων αδένων,740,2,370
Ω15Α,Επεμβάσεις μαστοειδούς,2145,2,1072.5
Ω20Α,Οδοντικές εξαγωγές και αποκαταστάσεις,557,1,557
Ω30Μ,Κακοήθεια ΩΡΛ και στόματος με καταστροφικές ή σοβαρές συνυπάρχουσες παθήσεις,2288,9,254.2222222
Ω30Χ,Κακοήθεια ΩΡΛ και στόματος με καταστροφικές χωρίς σοβαρές συνυπάρχουσες παθήσεις,545,2,272.5
Ω31Α,Ίλλιγγος,444,2,222
Ω32Α,Ρινορραγία,358,2,179
Ω33Α,Μέση ωτίτιδα και λοιμώξεις του ανώτερου αναπνευστικού,397,2,198.5
Ω34Α,Λαρυγγοτραχειίτιδα και επιγλωττίτις,288,1,288
Ω35Α,Ρινικό τραύμα και δυσμορφία,265,1,265
Ω36Μ,Άλλες διαγνώσεις του ΩΡΛ και στόματος με συνυπάρχουσες παθήσεις-επιπλοκές,957,4,239.25
Ω36Χ,Άλλες διαγνώσεις του ΩΡΛ και στόματος χωρίς συνυπάρχουσες παθήσεις-επιπλοκές,243,1,243
Ω37Α,Στοματικές και οδοντικές διαταραχές εκτός από εξαγωγές και αποκαταστάσεις. την ίδια ημέρα,254,1,254
Ω37Β,Στοματικές και οδοντικές διαταραχές εκτός από εξαγωγές και αποκαταστάσεις,661,3,220.3333333
Α01Μ,Μείζονες επεμβάσεις θώρακος με καταστροφικές συνυπάρχουσες παθήσεις- επιπλοκές,4701,15,313.4
Α01Χ,Μείζονες επεμβάσεις θώρακος χωρίς καταστροφικές συνυπάρχουσες παθήσεις- επιπλοκές,2712,7,387.4285714
Α02Μα,Λοιπές χειρουργικές επεμβάσεις αναπνευστικού συστήματος με καταστροφικές συνυπάρχουσες παθήσεις- επιπλοκές,3922,16,245.125
Α02Μβ,Λοιπές χειρουργικές επεμβάσεις αναπνευστικού συστήματος με σοβαρές ή μεσαίας βαρύτητας συνυπάρχουσες παθήσεις - επιπλοκές,1595,5,319
Α02Χ,Λοιπές επεμβάσεις αναπνευστικού συστήματος χωρίς συνυπάρχουσες παθήσεις - επιπλοκές,683,1,683
Α10Μ,Νοσήματα αναπνευστικού συστήματος με μηχανική αναπνευστική υποστήριξη με καταστροφικές συνυπάρχουσες παθήσεις - επιπλοκές,6036,12,503
Α10Χ,Νοσήματα αναπνευστικού συστήματος με μηχανική αναπνευστική υποστήριξη χωρίς καταστροφικές συνυπάρχουσες παθήσεις - επιπλοκές,4627,8,578.375
Α11Χ,Νοσήματα αναπνευστικού συστήματος χωρίς επεμβατικό μηχανικό αερισμό,3635,12,302.9166667
Α12Α,Βρογχοσκόπηση. την ίδια ημέρα,1910,1,1910
Α12Μ,Βρογχοσκόπηση με καταστροφικές συνυπάρχουσες παθήσεις - επιπλοκές,3984,17,234.3529412
Α12Χ,Βρογχοσκόπηση χωρίς καταστροφικές συνυπάρχουσες παθήσεις - επιπλοκές,1798,7,256.8571429
Α20Μ,Κυστική ίνωση με καταστροφικές ή σοβαρές συνυπάρχουσες παθήσεις - επιπλοκές,3696,13,284.3076923
Α20Χ,Κυστική ίνωση χωρίς καταστροφικές ή σοβαρές συνυπάρχουσες παθήσεις - επιπλοκές,2638,10,263.8
Α21Μ,Πνευμονική εμβολή με καταστροφικές συνυπάρχουσες παθήσεις - επιπλοκές,2187,11,198.8181818
Α21Χ,Πνευμονική εμβολή χωρίς καταστροφικές συνυπάρχουσες παθήσεις - επιπλοκές,1035,6,172.5
Α22Μα,Αναπνευστικές λοιμώξεις / φλεγμονές με καταστροφικές συνυπάρχουσες παθήσεις - επιπλοκές,1938,10,193.8
Α22Μβ,Αναπνευστικές λοιμώξεις/ φλεγμονές με σοβαρές ή μεσαίας βαρύτητας συνυπάρχουσες παθήσεις – επιπλοκές,1144,6,190.6666667
Α22Χ,Αναπνευστικές λοιμώξεις/ φλεγμονές χωρίς συνυπάρχουσες παθήσεις – επιπλοκές,630,3,210
Α23Α,Σύνδρομο άπνοιας ύπνου,319,1,319
Α24Μ,Πνευμονικό οίδημα και αναπνευστική ανεπάρκεια με καταστροφικές συνυπάρχουσες παθήσεις - επιπλοκές,1821,8,227.625
Α24Χ,Πνευμονικό οίδημα και αναπνευστική ανεπάρκεια χωρίς καταστροφικές συνυπάρχουσες παθήσεις - επιπλοκές,949,4,237.25
Α25Μ,Χρόνια αποφρακτική πνευμονοπάθεια με καταστροφικές συνυπάρχουσες παθήσεις - επιπλοκές,1766,9,196.2222222
Α25Χ,Χρόνια αποφρακτική πνευμονοπάθεια χωρίς καταστροφικές συνυπάρχουσες παθήσεις - επιπλοκές,949,5,189.8
Α26Μα,Μείζον τραύμα Θώρακος με καταστροφικές συνυπάρχουσες παθήσεις - επιπλοκές,2467,12,205.5833333
Α26Μβ,Μείζον τραύμα Θώρακος με σοβαρές ή μεσαίας βαρύτητας συνυπάρχουσες παθήσεις – επιπλοκές,1175,5,235
Α26Χ,Μείζον τραύμα Θώρακος με συνυπάρχουσες παθήσεις - επιπλοκές,607,3,202.3333333
Α27Μ,Αναπνευστικά σημεία και συμπτώματα με καταστροφικές ή σοβαρές συνυπάρχουσες παθήσεις - επιπλοκές,864,4,216
Α27Χ,Αναπνευστικά σημεία και συμπτώματα χωρίς καταστροφικές ή σοβαρές συνυπάρχουσες παθήσεις - επιπλοκές,350,2,175
Α28Μ,Πνευμοθώρακας με συνυπάρχουσες παθήσεις - επιπλοκές,1377,6,229.5
Α28Χ,Πνευμοθώρακας χωρίς συνυπάρχουσες παθήσεις - επιπλοκές,623,3,207.6666667
Α29Μ,Βρογχίτιδα και άσθμα με συνυπάρχουσες παθήσεις - επιπλοκές,872,4,218
Α29Χ,Βρογχίτιδα και άσθμα χωρίς συνυπάρχουσες παθήσεις - επιπλοκές,397,2,198.5
Α30Μ,Υλακώδης βήχας και οξεία βρογχιολίτιδα με συνυπάρχουσες παθήσεις - επιπλοκές,1331,5,266.2
Α30Χ,Υλακώδης βήχας και οξεία βρογχιολίτιδα χωρίς συνυπάρχουσες παθήσεις - επιπλοκές,607,2,303.5
Α31Μ,Νεοπλάσματα αναπνευστικού με καταστροφικές συνυπάρχουσες παθήσεις - επιπλοκές,1798,9,199.7777778
Α31Χ,Νεοπλάσματα αναπνευστικού χωρίς καταστροφικές συνυπάρχουσες παθήσεις - επιπλοκές,910,5,182
Α32Α,Αναπνευστικά προβλήματα αναδυόμενα από τη νεογνική περίοδο,846,4,211.5
Α33Μα,Πλευριτική συλλογή με καταστροφικές συνυπάρχουσες παθήσεις - επιπλοκές,2023,10,202.3
Α33Μβ,Πλευριτική συλλογή με σοβαρές ή μεσαίου βαρύτητας συνυπάρχουσες παθήσεις - επιπλοκές,1043,5,208.6
Α33Χ,Πλευριτική συλλογή χωρίς συνυπάρχουσες παθήσεις - επιπλοκές,607,3,202.3333333
Α34Μα,Διάμεση πνευμονική νόσος με καταστροφικές συνυπάρχουσες παθήσεις - επιπλοκές,1977,10,197.7
Α34Μβ,Διάμεση πνευμονική νόσος με σοβαρές ή μεσαίας βαρύτητας συνυπάρχουσες παθήσεις – επιπλοκές,1393,7,199
Α34Χ,Διάμεση πνευμονική νόσος χωρίς συνυπάρχουσες παθήσεις - επιπλοκές,638,3,212.6666667
Α35Μα,Λοιπές διαγνώσεις αναπνευστικού συστήματος με καταστροφικές συνυπάρχουσες παθήσεις - επιπλοκές,1556,8,194.5
Α35Μβ,Λοιπές διαγνώσεις αναπνευστικού συστήματος με σοβαρές ή μεσαίας βαρύτητας συνυπάρχουσες παθήσεις – επιπλοκές,973,5,194.6
Α35Χ,Λοιπές διαγνώσεις αναπνευστικού συστήματος χωρίς συνυπάρχουσες παθήσεις - επιπλοκές,475,2,237.5
Α36Α,Φυματίωση αναπνευστικού,2412,14,172.2857143
Κ01Μ,Τοποθέτηση ή αντικατάσταση εμφυτεύσιμου απινιδωτή. ολικό σύστημα με καταστροφικές συνυπάρχουσες παθήσεις - επιπλοκές,16215,12,1351.25
Κ01Χ,Τοποθέτηση ή αντικατάσταση εμφυτεύσιμου απινιδωτή. ολικό σύστημα χωρίς καταστροφικές συνυπάρχουσες παθήσεις-επιπλοκές,12420,3,4140
Κ02Α,Άλλες επεμβάσεις επί εμφυτεύσιμου απινιδωτή,2844,4,711
Κ03Μ,Επεμβάσεις σε καρδιακές βαλβίδες με εξωσωματική κυκλοφορία και με επεμβατικό καρδιακό καθετηριασμό με καταστροφικές συνυπάρχουσες παθήσεις-επιπλοκές,15429,23,670.826087
Κ03Χ,Επεμβάσεις σε καρδιακές βαλβίδες με εξωσωματική κυκλοφορία και με επεμβατικό καρδιακό καθετηριασμό χωρίς καταστροφικές συνυπάρχουσες παθήσεις-επιπλοκές,11734,13,902.6153846
Κ04Μ,Επεμβάσεις σε καρδιακές βαλβίδες με εξωσωματική κυκλοφορία χωρίς επεμβατικό καρδιακό καθετηριασμό και με καταστροφικές συνυπάρχουσες παθήσεις-επιπλοκές,13155,14,939.6428571
Κ04Χ,Επεμβάσεις σε καρδιακές βαλβίδες με εξωσωματική κυκλοφορία χωρίς επεμβατικό καρδιακό καθετηριασμό και χωρίς καταστροφικές συνυπάρχουσες παθήσεις-επιπλοκές,9163,8,1145.375
Κ05Μ,Αορτοστεφανιαία παράκαμψη με καρδιακό καθετηριασμό με επανεπέμβαση με καταστροφικές συνυπάρχουσες παθήσεις-επιπλοκές,10023,18,556.8333333
Κ05Χ,Αορτοστεφανιαία παράκαμψη με καρδιακό καθετηριασμό χωρίς επανεπέμβαση χωρίς καταστροφικές συνυπάρχουσες παθήσεις-επιπλοκές,7270,13,559.2307692
Κ06Μ,Αορτοστεφανιαία παράκαμψη χωρίς καρδιακό καθετηριασμό με επανεπέμβαση ή με καταστροφικές / σοβαρές συνυπάρχουσες παθήσεις-επιπλοκές,7182,10,718.2
Κ06Χ,Αορτοστεφανιαία παράκαμψη χωρίς καρδιακό καθετηριασμό χωρίς επανεπέμβαση χωρίς καταστροφικές συνυπάρχουσες παθήσεις-επιπλοκές,5077,7,725.2857143
Κ07Μα,Λοιπές κάρδιο-θώρακοχειρουργικές /αγγειοχειρουργικές επεμβάσεις με εξωσωματική κυκλοφορία με καταστροφικές συνυπάρχουσες παθήσεις-επιπλοκές,10554,12,879.5
Κ07Μβ,Λοιπές κάρδιο-θώρακοχειρουργικές /αγγειοχειρουργικές επεμβάσεις με εξωσωματική κυκλοφορία με σοβαρές ή μετρίας βαρύτητας συνυπάρχουσες παθήσεις-επιπλοκές,7279,8,909.875
Κ07Χ,Λοιπές κάρδιο-θώρακοχειρουργικές /αγγειοχειρουργικές επεμβάσεις με εξωσωματική κυκλοφορία χωρίς συνυπάρχουσες παθήσεις-επιπλοκές,5354,7,764.8571429
Κ08Μ,Μείζονες επανορθωτικές επεμβάσεις αγγείων χωρίς εξωσωματική κυκλοφορία με καταστροφικές συνυπάρχουσες παθήσεις-επιπλοκές,8956,16,559.75
Κ08Χ,Μείζονες επανορθωτικές επεμβάσεις αγγείων χωρίς εξωσωματική κυκλοφορία χωρίς καταστροφικές συνυπάρχουσες παθήσεις-επιπλοκές,5561,7,794.4285714
Κ09Μα,Λοιπές κάρδιοθωρακικές χειρουργικές επεμβάσεις χωρίς εξωσωματική κυκλοφορία με καταστροφικές συνυπάρχουσες παθήσεις-επιπλοκές,6413,10,641.3
Κ09Μβ,Άλλες κάρδιο-θώρακοχειρουργικές επεμβάσεις χωρίς εξωσωματική κυκλοφορία με σοβαρής ή μέτριας βαρύτητας συνυπάρχουσες παθήσεις-επιπλοκές,3617,6,602.8333333
Κ09Χ,Άλλες κάρδιο-θώρακοχειρουργικές επεμβάσεις χωρίς εξωσωματική κυκλοφορία χωρίς συνυπάρχουσες παθήσεις-επιπλοκές,2386,3,795.3333333
Κ10Μ,Επεμβατικές στεφανιαίες επεμβάσεις με ΟΕΜ (οξύ έμφραγμα μυοκαρδίου) με καταστροφικές συνυπάρχουσες παθήσεις-επιπλοκές,4166,8,520.75
Κ10Χ,Επεμβατικές στεφανιαίες επεμβάσεις με ΟΕΜ (οξύ έμφραγμα μυοκαρδίου) χωρίς καταστροφικές συνυπάρχουσες παθήσεις-επιπλοκές,2724,4,681
Κ11Μ,Ακρωτηριασμός λόγω αγγειακής ισχαιμίας. πλην άνω άκρου και δακτύλων άκρου ποδός. με καταστροφικές συνυπάρχουσες παθήσεις-επιπλοκές,7292,27,270.0740741
Κ11Χ,Ακρωτηριασμός λόγω αγγειακής ισχαιμίας. πλην άνω άκρου και δακτύλων άκρου ποδός. χωρίς καταστροφικές συνυπάρχουσες παθήσεις-επιπλοκές,3223,14,230.2142857
Κ12Μ,Τοποθέτηση ή αντικατάσταση βηματοδότη. ολικού συστήματος. με καταστροφικές συνυπάρχουσες παθήσεις-επιπλοκές,5465,11,496.8181818
Κ12Χ,Τοποθέτηση ή αντικατάσταση βηματοδότη. ολικού συστήματος χωρίς καταστροφικές συνυπάρχουσες παθήσεις-επιπλοκές,3694,4,923.5
Κ13Μ,Ακρωτηριασμός άνω άκρου ή δακτύλου άκρου ποδός λόγω νοσήματος κυκλοφορικού με σοβαρού βαθμού ή καταστροφικές συνυπάρχουσες παθήσεις-επιπλοκές,3969,17,233.4705882
Κ13Χ,Ακρωτηριασμός άνω άκρου ή δακτύλου άκρου ποδός λόγω καρδιαγγειακού νοσήματος χωρίς σοβαρού βαθμού ή καταστροφικές συνυπάρχουσες παθήσεις-επιπλοκές,1660,7,237.1428571
Κ14Μα,Αγγειακές επεμβάσεις. πλην μειζόνων επανορθωτικών επεμβάσεων. χωρίς εξωσωματική κυκλοφορία με καταστροφικές συνυπάρχουσες παθήσεις-επιπλοκές,3569,11,324.4545455
Κ14Μβ,Αγγειακές επεμβάσεις. πλην μειζόνων επανορθωτικών επεμβάσεων. χωρίς εξωσωματική κυκλοφορία. με σοβαρού ή μετρίου βαθμού συνυπάρχουσες παθήσεις-επιπλοκές,1991,4,497.75
Κ14Χ,Αγγειακές επεμβάσεις. πλην μειζόνων επανορθωτικών επεμβάσεων. χωρίς εξωσωματική κυκλοφορία χωρίς συνυπάρχουσες παθήσεις-επιπλοκές,1277,2,638.5
Κ15Μ,Επεμβατικές στεφανιαίες επεμβάσεις χωρίς ΟΕΜ (οξύ έμφραγμα μυοκαρδίου) με τοποθέτηση ενδοπρόθεσης (stent) με σοβαρού βαθμού ή καταστροφικές συνυπάρχουσες παθήσεις-επιπλοκές,2728,4,682
Κ15Χ,Επεμβατικές στεφανιαίες επεμβάσεις χωρίς ΟΕΜ (οξύ έμφραγμα μυοκαρδίου) με τοποθέτηση ενδοπρόθεσης (stent) χωρίς σοβαρού βαθμού ή καταστροφικές συνυπάρχουσες παθήσεις-επιπλοκές,2013,2,1006.5
Κ16Μ,Επεμβατικές στεφανιαίες επεμβάσεις χωρίς ΟΕΜ (οξύ έμφραγμα μυοκαρδίου) χωρίς τοποθέτηση ενδοπρόθεσης (stent) με συνυπάρχουσες παθήσεις-επιπλοκές,1531,3,510.3333333
Κ16Χ,Επεμβατικές μέθοδοι στα στεφανιαία χωρίς ΟΕΜ (οξύ έμφραγμα μυοκαρδίου) χωρίς τοποθέτηση ενδοπρόθεσης (stent) χωρίς συνυπάρχουσες παθήσεις-επιπλοκές,1118,2,559
Κ17Μ,Τοποθέτηση ή αντικατάσταση γεννήτριας βηματοδότη με σοβαρού βαθμού ή καταστροφικές συνυπάρχουσες παθήσεις-επιπλοκές,2892,5,578.4
Κ17Χ,Τοποθέτηση ή αντικατάσταση γεννήτριας βηματοδότη χωρίς σοβαρού βαθμού ή καταστροφικές συνυπάρχουσες παθήσεις-επιπλοκές,2617,1,2617
Κ18Μ,Λοιπές επεμβάσεις με βηματοδότη με συνυπάρχουσες παθήσεις-επιπλοκές,2226,7,318
Κ18Χ,Λοιπές επεμβάσεις με βηματοδότη χωρίς συνυπάρχουσες παθήσεις-επιπλοκές,1146,2,573
Κ19Α,Διαδερμικές ενδοαγγειακές καρδιακές επεμβάσεις,3194,3,1064.666667
Κ20Α,Απολίνωση φλέβας,760,1,760
Κ21Μ,Λοιπές επεμβάσεις νοσημάτων κυκλοφορικού με συνυπάρχουσες παθήσεις-επιπλοκές,3680,15,245.3333333
Κ21Χ,Λοιπές επεμβάσεις νοσημάτων κυκλοφορικού χωρίς καταστροφικές συνυπάρχουσες παθήσεις-επιπλοκές,1494,4,373.5
Κ22Α,Αορτικά Βαλβιδοφόρα Μοσχεύματα,7753,15,516.8666667
Κ30Μ,Νοσήματα κυκλοφορικού με μηχανική υποστήριξη αναπνοής (αναπνευστήρα) με καταστροφικές συνυπάρχουσες παθήσεις-επιπλοκές,6295,11,572.2727273
Κ30Χ,Νοσήματα κυκλοφορικού με μηχανική υποστήριξη αναπνοής (αναπνευστήρα) χωρίς καταστροφικές συνυπάρχουσες παθήσεις-επιπλοκές,4470,6,745
Κ31Μ,Νοσήματα κυκλοφορικού με ΟΕΜ με διαγνωστική επεμβατική καρδιακή τεχνική με σοβαρού βαθμού ή καταστροφικές συνυπάρχουσες παθήσεις-επιπλοκές,2038,8,254.75
Κ31Χ,παθήσεις-επιπλοκές του κυκλοφορικού με ΟΕΜ με διαγνωστική επεμβατική καρδιακή τεχνική χωρίς σοβαρού βαθμού ή καταστροφικές συνυπάρχουσες παθήσεις-επιπλοκές,1183,4,295.75
Κ32Α,παθήσεις-επιπλοκές του κυκλοφορικού χωρίς ΟΕΜ με διαγνωστική επεμβατική καρδιακή τεχνική. την ίδια ημέρα,1043,1,1043
Κ32Μ,παθήσεις-επιπλοκές του κυκλοφορικού χωρίς ΟΕΜ με διαγνωστική επεμβατική καρδιακή τεχνική με σοβαρού βαθμού ή καταστροφικές συνυπάρχουσες παθήσεις-επιπλοκές,2062,8,257.75
Κ32Χ,παθήσεις-επιπλοκές του κυκλοφορικού χωρίς ΟΕΜ με διαγνωστική επεμβατική καρδιακή τεχνική χωρίς σοβαρού βαθμού ή καταστροφικές συνυπάρχουσες παθήσεις-επιπλοκές,1089,3,363
Κ33Α,Διάγνωση κυκλοφορικού με μη επεμβατικό μηχανικό αερισμό,3132,13,240.9230769
Κ40Μ,Διαταραχές κυκλοφορικού με ΟΕΜ χωρίς διαγνωστική επεμβατική καρδιακή τεχνική με καταστροφικές συνυπάρχουσες παθήσεις-επιπλοκές,2000,10,200
Κ40Χ,Διαταραχές κυκλοφορικού με ΟΕΜ χωρίς διαγνωστική επεμβατική καρδιακή τεχνική χωρίς καταστροφικές συνυπάρχουσες παθήσεις-επιπλοκές,794,3,264.6666667
Κ41Μ,Λοιμώδης ενδοκαρδίτιδα με καταστροφικές συνυπάρχουσες παθήσεις-επιπλοκές,4801,22,218.2272727
Κ41Χ,Λοιμώδης ενδοκαρδίτιδα χωρίς καταστροφικές συνυπάρχουσες παθήσεις-επιπλοκές,2397,12,199.75
Κ42Μ,Καρδιακή ανεπάρκεια και καταπληξία (SCHOCK) με καταστροφικές συνυπάρχουσες παθήσεις,2054,10,205.4
Κ42Χ,Καρδιακή ανεπάρκεια και καταπληξία (SCHOCK) χωρίς καταστροφικές συνυπάρχουσες παθήσεις,934,5,186.8
Κ43Μ,Φλεβοθρόμβωση με σοβαρού βαθμού ή καταστροφικές συνυπάρχουσες παθήσεις-επιπλοκές,1471,8,183.875
Κ33Χ,Φλεβοθρόμβωση χωρίς σοβαρού βαθμού ή καταστροφικές συνυπάρχουσες παθήσεις-επιπλοκές,669,5,133.8
Κ34Μ,Δερματικά έλκη σε παθήσεις-επιπλοκές κυκλοφορικού με σοβαρού βαθμού ή καταστροφικές συνυπάρχουσες παθήσεις-επιπλοκές,2233,13,171.7692308
Κ34Χ,Δερματικά έλκη σε παθήσεις-επιπλοκές κυκλοφορικού χωρίς σοβαρού βαθμού ή καταστροφικές συνυπάρχουσες παθήσεις-επιπλοκές,981,5,196.2
Κ35Μ,Περιφερική αγγειοπάθεια με σοβαρού βαθμού ή καταστροφικές συνυπάρχουσες παθήσεις-επιπλοκές,1502,7,214.5714286
Κ35Χ,Περιφερική αγγειοπάθεια χωρίς σοβαρού βαθμού ή καταστροφικές συνυπάρχουσες παθήσεις-επιπλοκές,521,2,260.5
Κ36Μ,Αθηρωμάτωση στεφανιαίων αρτηριών με σοβαρού βαθμού ή καταστροφικές συνυπάρχουσες παθήσεις-επιπλοκές,957,5,191.4
Κ36Χ,Αθηρωμάτωση στεφανιαίων αρτηριών χωρίς σοβαρού βαθμού ή καταστροφικές συνυπάρχουσες παθήσεις-επιπλοκές,374,2,187
Κ37Μ,Αρτηριακή υπέρταση με σοβαρού βαθμού ή καταστροφικές συνυπάρχουσες παθήσεις-επιπλοκές,1198,6,199.6666667
Κ37Χ,Αρτηριακή υπέρταση χωρίς σοβαρού βαθμού ή καταστροφικές συνυπάρχουσες παθήσεις-επιπλοκές,459,2,229.5
Κ38Μ,Συγγενής καρδιοπάθεια με συνυπάρχουσες παθήσεις-επιπλοκές,1284,4,321
Κ38Χ,Συγγενής καρδιοπάθεια χωρίς συνυπάρχουσες παθήσεις-επιπλοκές,627,1,627
Κ39Μ,Βαλβιδοπάθειες με σοβαρού βαθμού ή καταστροφικές συνυπάρχουσες παθήσεις-επιπλοκές,1268,6,211.3333333
Κ39Χ,Βαλβιδοπάθειες χωρίς σοβαρού βαθμού ή καταστροφικές συνυπάρχουσες παθήσεις-επιπλοκές,327,2,163.5
Κ42Μ,Ασταθής στηθάγχη με σοβαρού βαθμού ή καταστροφικές συνυπάρχουσες παθήσεις-επιπλοκές,942,4,235.5
Κ42Χ,Ασταθής στηθάγχη χωρίς σοβαρού βαθμού ή καταστροφικές συνυπάρχουσες παθήσεις-επιπλοκές,467,2,233.5
Κ43Μ,Συγκοπή και λιποθυμία με σοβαρού βαθμού ή καταστροφικές συνυπάρχουσες παθήσεις-επιπλοκές,1113,6,185.5
Κ43Χ,Συγκοπή και λιποθυμία χωρίς σοβαρού βαθμού ή καταστροφικές συνυπάρχουσες παθήσεις-επιπλοκές,397,2,198.5
Κ44Α,Θωρακικό άλγος,311,1,311
Κ45Μα,Λοιπές παθήσεις-επιπλοκές κυκλοφορικού με καταστροφικές συνυπάρχουσες παθήσεις-επιπλοκές,2428,10,242.8
Κ45Μβ,Λοιπές παθήσεις-επιπλοκές κυκλοφορικού με μετρίου ή σοβαρού βαθμού συνυπάρχουσες παθήσεις-επιπλοκές,1019,4,254.75
Κ45Χ,Λοιπές παθήσεις-επιπλοκές κυκλοφορικού χωρίς συνυπάρχουσες παθήσεις-επιπλοκές,521,2,260.5
Κ46Μ,Αρρυθμία. καρδιακή ανακοπή και διαταραχές αγωγιμότητας με σοβαρού βαθμού ή καταστροφικές συνυπάρχουσες παθήσεις-επιπλοκές,1245,6,207.5
Κ46Χ,Αρρυθμία. καρδιακή ανακοπή και διαταραχές αγωγιμότητας χωρίς σοβαρού βαθμού ή καταστροφικές συνυπάρχουσες παθήσεις-επιπλοκές,444,2,222
Κ47Α,Κατάλυση αρρυθμιογόνων εστιών,2423,6,403.8333333
Π01Μ,Εκτομή ορθού με καταστροφικές συνυπάρχουσες παθήσεις - επιπλοκές,6489,18,360.5
Π01Χ,Εκτομή ορθού χωρίς καταστροφικές συνυπάρχουσες παθήσεις - επιπλοκές,3857,9,428.5555556
Π02Μ,Μείζονες επεμβάσεις λεπτού και παχέος εντέρου με καταστροφικές συνυπάρχουσες παθήσεις - επιπλοκές,5741,17,337.7058824
Π02Χ,Μείζονες επεμβάσεις λεπτού και παχέος εντέρου χωρίς καταστροφικές συνυπάρχουσες παθήσεις - επιπλοκές,2771,8,346.375
Π03Μ,Επεμβάσεις στομάχου. οισοφάγου και δωδεκαδακτύλου με κακοήθεια ή με καταστροφικές συνυπάρχουσες παθήσεις - επιπλοκές,6908,17,406.3529412
Π03Χα,Επεμβάσεις στομάχου. οισοφάγου και δωδεκαδάκτυλου χωρίς κακοήθεια και σοβαρές ή μεσαίας βαρύτητας συνυπάρχουσες παθήσεις - επιπλοκές,2826,8,353.25
Π03Χβ,Επεμβάσεις στομάχου. οισοφάγου και δωδεκαδάκτυλου χωρίς κακοήθεια χωρίς συνυπάρχουσες παθήσεις - επιπλοκές,1813,4,453.25
Π04Μα,Λύση περιτοναϊκών συμφύσεων με καταστροφικές συνυπάρχουσες παθήσεις - επιπλοκές,4847,16,302.9375
Π04Μβ,Λύση περιτοναϊκών συμφύσεων με σοβαρές ή μεσαίας βαρύτητας συνυπάρχουσες παθήσεις - επιπλοκές,2710,9,301.1111111
Π04Χ,Λύση περιτοναϊκών συμφύσεων χωρίς συνυπάρχουσες παθήσεις - επιπλοκές,1578,4,394.5
Π05Μα,Μικρές επεμβάσεις λεπτού και παχέος εντέρου με καταστροφικές συνυπάρχουσες παθήσεις - επιπλοκές,3329,12,277.4166667
Π05Μβ,Μικρές επεμβάσεις λεπτού και παχέος εντέρου με σοβαρές ή μεσαίας βαρύτητας συνυπάρχουσες παθήσεις - επιπλοκές,2085,7,297.8571429
Π05Χ,Μικρές επεμβάσεις λεπτού και παχέος εντέρου χωρίς συνυπάρχουσες παθήσεις - επιπλοκές,1379,4,344.75
Π06Α,Επεμβάσεις πυλορομυοτομής,1037,3,345.6666667
Π07Μ,Σκωληκοειδεκτομή με κακοήθεια ή περιτονίτιδα ή με καταστροφικές ή σοβαρές συνυπάρχουσες παθήσεις - επιπλοκές,1550,5,310
Π07Χ,Σκωληκοειδεκτομή χωρίς κακοήθεια ή περιτονίτιδα ή χωρίς καταστροφικές ή σοβαρές συνυπάρχουσες παθήσεις - επιπλοκές,983,2,491.5
Π10Μ,Επεμβάσεις κηλών (βουβωνοκήλες. ομφαλοκήλες κτλ) με συνυπάρχουσες παθήσεις - επιπλοκές,1697,5,339.4
Π10Χ,Επεμβάσεις κηλών (βουβωνοκήλες. ομφαλοκήλες κτλ) χωρίς συνυπάρχουσες παθήσεις - επιπλοκές,868,1,868
Π11Α,Επεμβάσεις που αφορούν κωλοστομίες και πρωκτό,566,2,283
Π12Μα,Λοιπές Επεμβάσεις πεπτικού συστήματος με καταστροφικές συνυπάρχουσες παθήσεις - επιπλοκές,4177,16,261.0625
Π12Μβ,Λοιπές Επεμβάσεις πεπτικού συστήματος με σοβαρές ή μεσαίας βαρύτητας συνυπάρχουσες παθήσεις - επιπλοκές,1932,7,276
Π12Χ,Λοιπές Επεμβάσεις πεπτικού συστήματος χωρίς συνυπάρχουσες παθήσεις - επιπλοκές,967,3,322.3333333
Π26Μ,Συνδυασμένη γαστροσκόπιση με καταστροφικές συνυπάρχουσες παθήσεις - επιπλοκές,3338,14,238.4285714
Π26Χ,Συνδυασμένη γαστροσκόπιση χωρίς καταστροφικές συνυπάρχουσες παθήσεις - επιπλοκές,1245,5,249
Π26Α,Συνδυασμένη γαστροσκόπιση. την ίδια ημέρα,330,1,330
Π27Μ,Λοιπές επεμβάσεις γαστροσκόπισης με καταστροφικές συνυπάρχουσες παθήσεις - επιπλοκές,2521,12,210.0833333
Π27Χ,Λοιπές επεμβάσεις γαστροσκόπισης χωρίς καταστροφικές συνυπάρχουσες παθήσεις - επιπλοκές,988,4,247
Π27Α,Λοιπές επεμβάσεις γαστροσκόπισης. την ίδια ημέρα,265,1,265
Π28Μ,Κολονοσκόπιση με καταστροφικές ή σοβαρές συνυπάρχουσες παθήσεις - επιπλοκές,2062,10,206.2
Π28Χ,Κολονοσκόπιση χωρίς καταστροφικές ή σοβαρές συνυπάρχουσες παθήσεις - επιπλοκές,872,4,218
Π28Α,Κολονοσκόπιση. την ίδια ημέρα,290,1,290
Π40Μ,Κακοήθεια του γαστρεντερικού με καταστροφικές συνυπάρχουσες παθήσεις - επιπλοκές,1673,9,185.8888889
Π40Χ,Κακοήθεια του γαστρεντερικού χωρίς καταστροφικές συνυπάρχουσες παθήσεις - επιπλοκές,677,4,169.25
Π41Μ,Αιμορραγία γαστρεντερικού με καταστροφικές ή σοβαρές συνυπάρχουσες παθήσεις - επιπλοκές,1027,5,205.4
Π41Χ,Αιμορραγία γαστρεντερικού χωρίς καταστροφικές ή σοβαρές συνυπάρχουσες παθήσεις - επιπλοκές,412,2,206
Π42Α,Επιπεπλεγμένο πεπτικό έλκος,1097,5,219.4
Π43Α,Μη επιπεπλεγμένο πετικό έλκος,335,2,167.5
Π44Μ,Φλεγμονώδης νόσος εντέρου με συνυπάρχουσες παθήσεις - επιπλοκές,1097,5,219.4
Π44Χ,Φλεγμονώδης νόσος εντέρου χωρίς συνυπάρχουσες παθήσεις - επιπλοκές,1073,2,536.5
Π45Μ,Απόφραξη γαστρεντερικού συστήματος με καταστροφικές ή σοβαρές συνυπάρχουσες παθήσεις - επιπλοκές,1338,7,191.1428571
Π45Χ,Απόφραξη γαστρεντερικού συστήματος χωρίς καταστροφικές ή σοβαρές συνυπάρχουσες παθήσεις - επιπλοκές,623,3,207.6666667
Π46Α,Κοιλιακός πόνος ή μεσεντερική αδενίτιδα,327,2,163.5
Π47Μ,Οισοφαγίτιδα και γαστρεντερίτιδα με καταστροφικές ή σοβαρές συνυπάρχουσες παθήσεις - επιπλοκές,1121,5,224.2
Π47Χ,Οισοφαγίτιδα και γαστρεντερίτιδα χωρίς καταστροφικές ή σοβαρές συνυπάρχουσες παθήσεις - επιπλοκές,335,2,167.5
Π50Μ,Διάγνωση άλλων παθήσεων του πεπτικού συστήματος με καταστροφικές ή σοβαρές συνυπάρχουσες παθήσεις - επιπλοκές,1136,6,189.3333333
Π50Χ,Διάγνωση άλλων παθήσεων του πεπτικού συστήματος χωρίς καταστροφικές ή σοβαρές συνυπάρχουσες παθήσεις - επιπλοκές,374,2,187
Η01Μ,Αναστομώσεις πυλαίας-κάτω κοίλης. επεμβάσεις παγκρέατος. ήπατος και παρακάμψεις με καταστροφικές συνυπάρχουσες παθήσεις - επιπλοκές,7916,19,416.6315789
Η01Χ,Αναστομώσεις πυλαίας-κάτω κοίλης. επεμβάσεις παγκρέατος. ήπατος και παρακάμψεις χωρίς καταστροφικές συνυπάρχουσες παθήσεις - επιπλοκές,3682,7,526
Η02Μα,Μείζονες επεμβάσεις χοληφόρων με καταστροφικές συνυπάρχουσες παθήσεις - επιπλοκές,5111,17,300.6470588
Η02Μβ,Μείζονες επεμβάσεις χοληφόρων με σοβαρές συνυπάρχουσες παθήσεις - επιπλοκές,2578,9,286.4444444
Η02Χ,Μείζονες επεμβάσεις χοληφόρων χωρίς καταστροφικές ή σοβαρές συνυπάρχουσες παθήσεις - επιπλοκές,2079,6,346.5
Η05Μ,Διαγνωστικές ηπατοχολικές παρεμβάσεις με καταστροφικές συνυπάρχουσες παθήσεις - επιπλοκές,4533,14,323.7857143
Η05Χ,Διαγνωστικές ηπατοχολικέςπαρεμβάσεις χωρίς καταστροφικές συνυπάρχουσες παθήσεις - επιπλοκές,1393,4,348.25
Η06Μ,Λοιπές Διαγνωστικές ηπατοχολικές χειρουργικές παρεμβάσεις και παρεμβάσεις παγκρέατος με καταστροφικές συνυπάρχουσες παθήσεις - επιπλοκές,4646,19,244.5263158
Η06Χ,Λοιπές Διαγνωστικές ηπατοχολικές χειρουργικές παρεμβάσεις και παρεμβάσεις παγκρέατος χωρίς καταστροφικές συνυπάρχουσες παθήσεις - επιπλοκές,1556,5,311.2
Η07Μ,Ανοιχτή χολοκυστεκτομή με κλειστό χοληδόχο πόρο ή με καταστροφικές συνυπάρχουσες παθήσεις - επιπλοκές,4299,14,307.0714286
Η07Χ,Ανοιχτή χολοκυστεκτομή χωρίς κλειστό χοληδόχο πόρο χωρίς καταστροφικές συνυπάρχουσες παθήσεις - επιπλοκές,2037,6,339.5
Η08Μ,Λαπαρασκοπική χολοκυστεκτομή με κλειστό χοληδόχο πόρο ή με καταστροφικές ή σοβαρές συνυπάρχουσες παθήσεις - επιπλοκές,2111,6,351.8333333
Η08Χ,Λαπαρασκοπική χολοκυστεκτομή χωρίς κλειστό χοληδόχο πόρο χωρίς καταστροφικές ή σοβαρές συνυπάρχουσες παθήσεις - επιπλοκές,1273,2,636.5
Η20Μ,Ενδοσκοπικές επεμβάσεις για αιμορραγία κιρσων του οισοφάγου με καταστροφικές συνυπάρχουσες παθήσεις - επιπλοκές,3561,11,323.7272727
Η20Χ,Ενδοσκοπικές επεμβάσεις για αιμορραγία κιρσων του οισοφάγου χωρίς καταστροφικές συνυπάρχουσες παθήσεις - επιπλοκές,1517,5,303.4
Η23Μ,Ενδοσκοπική παλίνδρομη χολαγειοπαγκρεατογραφία με καταστροφικές ή σοβαρές συνυπάρχουσες παθήσεις - επιπλοκές,2552,11,232
Η23Χ,Ενδοσκοπική παλίνδρομη χολαγειοπαγκρεατογραφία χωρίς καταστροφικές ή σοβαρές συνυπάρχουσες παθήσεις - επιπλοκές,786,3,262
Η40Μα,Κίρρωση και αλκοολική ηπατίτιδα με καταστροφικές συνυπάρχουσες παθήσεις - επιπλοκές,2654,12,221.1666667
Η40Μβ,Κίρρωση και αλκοολική ηπατίτιδα με σοβαρές ή μεσαίας βαρύτητας συνυπάρχουσες παθήσεις - επιπλοκές,965,5,193
Η40Χ,Κίρρωση και αλκοολική ηπατίτιδα χωρίς συνυπάρχουσες παθήσεις - επιπλοκές,366,2,183
Η41Μ,Κακοήθεια του ηπατοχολικού συστήματος και παγκρέατος με καταστροφικές συνυπάρχουσες παθήσεις - επιπλοκές,1930,9,214.4444444
Η41Χ,Κακοήθεια του ηπατοχολικού συστήματος και παγκρέατος χωρίς καταστροφικές συνυπάρχουσες παθήσεις - επιπλοκές,872,4,218
Η42Μ,Διαταραχές παγκρέατος χωρίς κακοήθεια με καταστροφικές ή σοβαρές συνυπάρχουσες παθήσεις - επιπλοκές,1938,8,242.25
Η42Χ,Διαταραχές παγκρέατος χωρίς κακοήθεια χωρίς καταστροφικές ή σοβαρές συνυπάρχουσες παθήσεις - επιπλοκές,708,3,236
Η43Μ,Διαταραχές ήπατος χωρίς κακοήθεια. Κύρωση. αλκοολική ηπατίτιδα με καταστροφικές ή σοβαρές συνυπάρχουσες παθήσεις - επιπλοκές,1813,8,226.625
Η43Χ,Διαταραχές ήπατος χωρίς κακοήθεια. Κύρωση. αλκοολική ηπατίτιδα χωρίς καταστροφικές ή σοβαρές συνυπάρχουσες παθήσεις - επιπλοκές,521,2,260.5
Η44Μ,Δαταραχές των χοληφόρων με συνυπάρχουσες παθήσεις - επιπλοκές,1198,6,199.6666667
Η44Χ,Δαταραχές των χοληφόρων με/ χωρίς συνυπάρχουσες παθήσεις - επιπλοκές,436,2,218
Μ01Μ,Αμφοτερόπλευρες/Πολλαπλές επεμβάσεις μεγάλων αρθρώσεων κάτω άκρων με αναθεώρηση ή με καταστροφικές συνυπάρχουσες παθήσεις - επιπλοκές,14020,25,560.8
Μ01Χ,Αμφοτερόπλευρες/ Πολλαπλές επεμβάσεις μεγάλων αρθρώσεων κάτω άκρων χωρίς αναθεώρηση χωρίς καταστροφικές συνυπάρχουσες παθήσεις - επιπλοκές,9606,7,1372.285714
Μ02Μ,Μεταφορά μικροαγγειούμενου ιστικού μοσχεύματος ή (Δερματικό μόσχευμα με καταστροφικές ή σοβαρές συνυπάρχουσες παθήσεις – επιπλοκές) εξαιρουμένης άκρας χείρας,9110,27,337.4074074
Μ02Χ,Δερματικό μόσχευμα (κρημνός) χωρίς καταστροφικές ή σοβαρές συνυπάρχουσες παθήσεις – επιπλοκές. εξαιρουμένης άκρας χείρας,3430,8,428.75
Μ03Μ,Αντικατάσταση ισχίου με καταστροφικές συνυπάρχουσες παθήσεις - επιπλοκές,6307,15,420.4666667
Μ03Χ,Αντικατάσταση ισχίου χωρίς καταστροφικές συνυπάρχουσες παθήσεις - επιπλοκές,6411,7,915.8571429
Μ04Μ,Αντικατάσταση γόνατος με καταστροφικές ή σοβαρές συνυπάρχουσες παθήσεις - επιπλοκές,7042,9,782.4444444
Μ04Χ,Αντικατάσταση γόνατος χωρίς καταστροφικές ή σοβαρές συνυπάρχουσες παθήσεις - επιπλοκές,6611,6,1101.833333
Μ05Μ,Αντικατάσταση άλλων αρθρώσεων με καταστροφικές ή σοβαρές συνυπάρχουσες παθήσεις - επιπλοκές,7705,11,700.4545455
Μ05Χ,Αντικατάσταση άλλων αρθρώσεων χωρίς καταστροφικές ή σοβαρές συνυπάρχουσες παθήσεις - επιπλοκές,6101,5,1220.2
Μ06Α,Σπονδυλοδεσία με παραμόρφωση,19980,9,2220
Μ07Α,Ακρωτηριασμός,5235,21,249.2857143
Μ08Μ,Λοιπές επεμβάσεις ισχίου και μηριαίου με καταστροφικές συνυπάρχουσες παθήσεις - επιπλοκές,4449,17,261.7058824
Μ08Χ,Λοιπές επεμβάσεις ισχίου και μηριαίου χωρίς καταστροφικές συνυπάρχουσες παθήσεις - επιπλοκές,3014,9,334.8888889
Μ09Μ,Σπονδυλοδεσία με καταστροφικές συνυπάρχουσες παθήσεις - επιπλοκές,14720,18,817.7777778
Μ09Χ,Σπονδυλοδεσία χωρίς καταστροφικές συνυπάρχουσες παθήσεις - επιπλοκές,9783,7,1397.571429
Μ10Μ,Λοιπές επεμβάσεις αυχένος-οσφύος - θώρακος με καταστροφικές ή σοβαρές συνυπάρχουσες παθήσεις - επιπλοκές,3391,10,339.1
Μ10Χ,"Λοιπές επεμβάσεις αυχένος-οσφύος - θώρακος χωρίς καταστροφικές ή σοβαρές N J J J J J J J J J j α t 6 6 U U l 0 t a L X 6 6 ς χ l a X L 6 6 ς χ l g U 6 ] 6 ς χ l g R 6 6 ς χ l g R 6 6 ς χ l g R 6 6 ς χ l g R 6 6 ς χ l g R 6 6 ς χ l g R 6 6 ς χ l g R 6 6 ς χ l g R 6 6 ς χ l g R 6 6 ς χ l g R 6 6 ς χ l g R 6 6 ς χ l g R 6 6 ς χ l g R 6 6 ς χ l g R 6 6 ς χ l g R 6 6 ς χ l g R 6 6 "" ς χ l g R 6 6 ς χ l g R 6 6 ς χ l a X L 6 6 & ς χ l g R 6 6 ' ς χ l g R 6 6 ( ς χ l g R 6 6 ) ς χ l g R 6 6 + ς χ l g R 6 6 . ς χ l g R 6 6 . ς χ l g R 6 6 / ς χ l g R 6 6 0 ς χ l g R 6 6 2 ς χ l g R 6 6 3 ς χ l g R 6 6 4 ς χ l g R 6 6 6 ς χ l g R 6 6 7 ς χ l g R 6 6 8 ς χ l g R 6 6 : ς χ l g R 6 6 , ς χ l g R 6 6 < ς χ l g R 6 6 > ς χ l g R 6 6 ς χ l g R 6 6 A ς χ l g R 6 6 B ς χ l g R 6 6 C ς χ l g R 6 6 E ς χ l g R 6 6 F ς χ l g R 6 6 G ς χ l g R 6 6 I ς χ l g R 6 6 J ς χ l g R 6 6 K ς χ l g R 6 6 M ς χ l g R 6 6 N ς χ l g R 6 6 O ς χ l g R 6 6 Q ς χ l g R 6 6 R ς χ l g R 6 6 dT ς χ l g R 6 6 U ς χ l g R 6 6 V ς χ l g R 6 6 X ς χ l g R 6 6 Y ς χ l g R 6 6 Z ς χ l g R 6 6 ς χ l g R 6 6 ] ς χ l g R 6 6 ς χ l g R 6 6 ς χ l g R 6 6 a ς χ l g R 6 6 b ς χ l g R 6 6 d ς χ l g R 6 6 e ς χ l g R 6 6 f ς χ l g R 6 6 h ς χ l g R 6 6 i ς χ l g R 6 6 k ς χ l g R 6 6 l ς χ l g R 6 6 m ς χ l g R 6 6 o ς χ l g R 6 6 p ς χ l g R 6 6 q ς χ l g R 6 6 s ς χ l g R 6 6 t ς χ l g R 6 6 u ς χ l g R 6 6 w ς χ l g R 6 6 x ς χ l a X L 6 6 y ς χ l g R 6 6 ς χ l g R 6 6 ς χ l g R 6 6 ς χ l g R 6 6 ς χ l g R 6 6 ς χ l g R 6 6 ς χ l g R 6 6 ς χ l g R 6 6 ς χ l g R 6 6 ς χ l g R 6 6 ς χ l g R 6 6 ς χ l g R 6 6 ς χ l g R 6 6 ς χ l g R 6 6 ς χ l g R 6 6 ς χ l g R 6 6 ς χ l g R 6 6 ς χ l g R 6 6 ς χ l g R 6 6 ς χ l g R 6 6 d ς χ l a X L 6 6 ς χ l g R 6 6 ς χ l g R 6 6 ς χ l g R 6 6 ς χ l g R 6 6 ς χ l g R 6 6 ς χ l g R 6 6 ς χ l g R 6 6 ς χ l g R 6 6 ς χ l g R 6 6 ς χ l g R 6 6 ς χ l g R 6 6 ς χ l g R 6 6 ς χ l g R 6 6 ς χ l g R 6 6 ς χ l g R 6 6 ς χ l g R 6 6 ς χ l g R 6 6 ς χ l g R 6 6 ς χ l g R 6 6 ς χ l g R 6 6 ς χ l g R 6 6 ς χ l g R 6 6 ς χ l g R 6 6 ς χ l g R 6 6 ς χ l g R 6 6 ς χ l g R 6 6 ς χ l g R 6 6 ς χ l a X L 6 6 ς χ l g R 6 6 ς χ l g R 6 6 ς χ l g R 6 6 ς χ l g R 6 6 ς χ l g R 6 6 ς χ l g R 6 6 ς χ l g R 6 6 ς χ l g R 6 6 ς χ l g R 6 6 ς χ l g R 6 6 ς χ l g R 6 6 ς χ l g R 6 6 ς χ l g R 6 6 ς χ l g R 6 6 ς χ l g R 6 6 ς χ l g R 6 6 ς χ l g R 6 6 ς χ l g R 6 6 ς χ l g R 6 6 ς χ l g R 6 6 ς χ l g R 6 6 ς χ l g R 6 6 ς χ l g R 6 6 ς χ l g R 6 6 ς χ l g R 6 6 ς χ l g R 6 6 ς χ l g R 6 6 ς χ l g R 6 6 ς χ l g R 6 6 ς χ l g R 6 6 ς χ l g R 6 6 ς χ l g R 6 6 ς χ l g R 6 6 ς χ l g R 6 6 ς χ l g R 6 6 ς χ l g R 6 6 ς χ l g R 6 6 ς χ l g R 6 6 ς χ l g R 6 6 ς χ l g R 6 6 ς χ l g R 6 6 ς χ l g R 6 6 ς χ l g R 6 6 ς χ l g R 6 6 ς χ l g R 6 6 ς χ l g R 6 6 ς χ l g R 6 6 ς χ l a X L 6 6 ς χ l g R 6 6 ς χ l g R 6 6 ς χ l g R 6 6 ς χ l g R 6 6 ς χ l g R 6 6 ς χ l g R 6 6 ς χ l g R 6 6 ς χ l g R 6 6 ς χ l g R 6 6 ς χ l g R 6 6 ς χ l g R 6 6 ς χ l g R 6 6 ς χ l g R 6 6 ς χ l g R 6 6 ς χ l g R 6 6 ς χ l g R 6 6 ς χ l g R 6 6 ς χ l g R 6 6 ς χ l g R 6 6 ς χ l g R 6 6 ς χ l g R 6 6 ς χ l g R 6 6 ς χ l g R 6 6 ς χ l g R 6 6 ς χ l g R 6 6 ς χ l g R 6 6 ς χ l g R 6 6 ς χ l g R 6 6 ς χ l g R 6 6 ς χ l g R 6 6 ς χ l g R 6 6 ς χ l g R 6 6 ς χ l g R 6 6 ς χ l g R 6 6 ς χ l g R 6 6 ς χ l g R 6 6 ς χ l g R 6 6 ς χ l g R 6 6 ς χ l g R 6 6 ς χ l g R 6 6 ς χ l g R 6 6 ς χ l g R 6 6 ς χ l g R 6 6 ς χ l g R 6 6 ς χ l g R 6 6 ς χ l g R 6 6 ς χ l g R 6 6 ς χ l g R 6 6 ς χ l g R 6 6 ς χ l g R 6 6 ς χ l g R 6 6 ς χ l g R 6 6 ς χ l g R 6 6 ς χ l g R 6 6 ς χ l g R 6 6 ς χ l g R 6 6 ς χ l g R 6 6 ς χ l g R 6 6 ς χ l g R 6 6 ς χ l g R 6 6 ς χ l g R 6 6 ς χ l g R 6 6 ς χ l g R 6 6 ς χ l g R 6 6 ς χ l g R 6 6 ς χ l g R 6 6 ς χ l g R 6 6 d ς χ l g R 6 6 ς χ l g R 6 6 ς χ l g R 6 6 ς χ l g R 6 6 ς χ l g R 6 6 ς χ l g R 6 6 ς χ l g R 6 6 ς χ l g R 6 6 ς χ l g R 6 6 ς χ l g R 6 6 ς χ l g R 6 6 ς χ l g R 6 6 ς χ l g R 6 6 ς χ l g R 6 6 ς χ l g R 6 6 ς χ l a X L 6 6 ς χ l g R 6 6 ς χ l g R 6 6 ς χ l g R 6 6 ς χ l g R 6 6 ς χ l g R 6 6 ς χ l g R 6 6 ς χ l g R 6 6 ς χ l g R 6 6 ς χ l g R 6 6 ς χ l g R 6 6 ς χ l g R 6 6 ς χ l g R 6 6 ς χ l g R 6 6 ς χ l g R 6 6 ς χ l g R 6 6 ς χ l g R 6 6 ς χ l g R 6 6 ς χ l g R 6 6 ς χ l g R 6 6 ς χ l g R 6 6 ς χ l g R 6 6 ς χ l ΐ Ζ g R 6 6 ς χ l Ζ Θ ΢ g R 6 6 ς χ l g R 6 6 ς χ l g R 6 6 ς χ l g R 6 6 ς χ l g R 6 6 ς χ l g R 6 6 ς χ l g R 6 6 ς χ l g R 6 6 ς χ l g R 6 6 ς χ l g R 6 6 d ς χ l g R 6 6 ς χ l g R 6 6 ς χ l g R 6 6 ς χ l g R 6 6 ς χ l g R 6 6 ς χ l g R 6 6 ς χ l g R 6 6 ς χ l g R 6 6 ς χ l g R 6 6 ς χ l g R 6 6 ς χ l g R 6 6 ς χ l g R 6 6 ς χ l g R 6 6 ς χ l g R 6 6 ς χ l a X L 6 6 ς χ l g R 6 6 ς χ l g R 6 6 ς χ l g R 6 6 ς χ l g R 6 6 ς χ l g R 6 6 ς χ l g R 6 6 ς χ l g R 6 6 ς χ l g R 6 6 ς χ l g R 6 6 ς χ l g R 6 6 ς χ l g R 6 6 ς χ l g R 6 6 ς χ l g R 6 6 ς χ l g R 6 6 ς χ l g R 6 6 ς χ l g R 6 6 ς χ l g R 6 6 ς χ l g R 6 6 ς χ l g R 6 6 ς χ l g R 6 6 ς χ l g R 6 6 ς χ l g R 6 6 ς χ l g R 6 6 ς χ l g R 6 6 ς χ l g R 6 6 ς χ l g R 6 6 ς χ l g R 6 6 ς χ l g R 6 6 ς χ l a X L 6 6 ς χ l g R 6 6 ς χ l g R 6 6 ς χ l g R 6 6 ς χ l g R 6 6 ς χ l g R 6 6 ς χ l g R 6 6 ς χ l g R 6 6 ς χ l g R 6 6 ς χ l g R 6 6 ς χ l g R 6 6 ς χ l g R 6 6 ς χ l g R 6 6 ς χ l g R 6 6 ς χ l g R 6 6 ς χ l g R 6 6 ς χ l g R 6 6 ς χ l g R 6 6 ς χ l συνυπάρχουσες παθήσεις - επιπλοκές",1908,4,477
Μ11Α,Επεμβάσεις διατατικής επιμηκύνσεως άκρων,4045,4,1011.25
Μ12Μα,Λοίμωξη / φλεγμονή οστών και αρθρώσεων με διάφορες μυοσκελετικές επεμβάσεις με σοβαρής και μέτριας βαρύτητας συνυπάρχουσες παθήσεις - επιπλοκές,5478,24,228.25
Μ12Μβ,Λοίμωξη / φλεγμονή οστών και αρθρώσεων με διάφορες μυοσκελετικές επεμβάσεις με καταστροφικές συνυπάρχουσες παθήσεις - επιπλοκές,2993,14,213.7857143
Μ12Χ,Λοίμωξη / φλεγμονή οστών και αρθρώσεων με διάφορες μυοσκελετικές επεμβάσεις χωρίς συνυπάρχουσες παθήσεις - επιπλοκές,1665,6,277.5
Μ13Μ,Επεμβάσεις βραχιονίου. κνήμης. περόνης και αστραγάλου με συνυπάρχουσες παθήσεις - επιπλοκές,3893,11,353.9090909
Μ13Χ,Επεμβάσεις Βραχιονίου. κνήμης. περόνης και αστραγάλου χωρίς συνυπάρχουσες παθήσεις - επιπλοκές,2083,4,520.75
Μ15Α,Κρανιοπροσωπικές επεμβάσεις,3761,6,626.8333333
Μ16Α,Λοιπές επεμβάσεις ώμου,1588,2,794
Μ17Μ,Γναθοπροσωπικές επεμβάσεις με συνυπάρχουσες παθήσεις - επιπλοκές,2708,3,902.6666667
Μ17Χ,Γναθοπροσωπικές επεμβάσεις χωρίς συνυπάρχουσες παθήσεις - επιπλοκές,1764,2,882
Μ18Α,Λοιπές επεμβάσεις γόνατος,743,1,743
Μ19Μ,Λοιπές επεμβάσεις αγκώνος και αντιβραχίου με συνυπάρχουσες παθήσεις - επιπλοκές,2648,6,441.3333333
Μ19Χ,Λοιπές επεμβάσεις αγκώνος και αντιβραχίου χωρίς συνυπάρχουσες παθήσεις - επιπλοκές,1904,2,952
Μ20Α,Λοιπές επεμβάσεις άκρου ποδός,1286,2,643
Μ21Α,Τοπική Εκτομή και Αφαίρεση υλικών εσωτερικής οστεοσύνθεσης ισχίου και μηριαίου,1052,2,526
Μ23Α,Τοπική εκτομή και αφαίρεση υλικών εσωτερικής οστεοσύνθεσης εκτός ισχίου και μηριαίου,661,1,661
Μ24Α,Αρθροσκόπηση,710,1,710
Μ25Μ,Διαγνωστικές επεμβάσεις οστών και αρθρώσεων συμπεριλαμβανομένης βιοψίας με συνυπάρχουσες παθήσεις - επιπλοκές,2864,11,260.3636364
Μ25Χ,Διαγνωστικές επεμβάσεις οστών και αρθρώσεων συμπεριλαμβανομένης βιοψίας χωρίς συνυπάρχουσες παθήσεις - επιπλοκές,1260,3,420
Μ27Μ,Επεμβάσεις μαλακών μορίων με συνυπάρχουσες παθήσεις - επιπλοκές,2179,9,242.1111111
Μ27Χ,Επεμβάσεις μαλακών μορίων χωρίς συνυπάρχουσες παθήσεις - επιπλοκές,902,2,451
Μ28Μ,Λοιπές επεμβάσεις μυοσκελετικού με συνυπάρχουσες παθήσεις - επιπλοκές,2639,11,239.9090909
Μ28Χ,Λοιπές επεμβάσεις μυοσκελετικού χωρίς συνυπάρχουσες παθήσεις - επιπλοκές,1379,2,689.5
Μ29Α,Ανακατασκευή ή αναθεώρηση πρόθεσης γόνατος,1903,1,1903
Μ30Α,Επεμβάσεις χειρός,891,1,891
Μ31Μ,Επανεπεμβαση Ισχίου με καταστροφικές συνυπάρχουσες παθήσεις - επιπλοκές,11675,23,507.6086957
Μ31Χ,Επανεπεμβαση Ισχίου χωρίς καταστροφικές συνυπάρχουσες παθήσεις - επιπλοκές,8533,11,775.7272727
Μ32Μα,Επανεπεμβαση γόνατος με καταστροφικές συνυπάρχουσες παθήσεις - επιπλοκές,12912,27,478.2222222
Μ32Μβ,Επανεπεμβαση γόνατος με συνυπάρχουσες παθήσεις - επιπλοκές,9963,12,830.25
Μ32Χ,Επανεπεμβαση γόνατος χωρίς καταστροφικές η συνυπάρχουσες παθήσεις - επιπλοκές,9147,9,1016.333333
Μ60Α,Κατάγματα διάφυσης μηριαίου,1720,7,245.7142857
Μ61Μ,Κατάγματα περιφερικού μηριαίου με συνυπάρχουσες παθήσεις - επιπλοκές,2210,13,170
Μ61Χ,Κατάγματα περιφερικού μηριαίου χωρίς συνυπάρχουσες παθήσεις - επιπλοκές,856,4,214
Μ63Μ,Θλάσεις. διαστρέμματα και εξαρθρώματα Ισχίου. Λεκάνης και Μηρού με συνυπάρχουσες παθήσεις - επιπλοκές,1198,7,171.1428571
Μ63Χ,Θλάσεις. διαστρέμματα και εξαρθρώματα Ισχίου. Λεκάνης και Μηρού χωρίς συνυπάρχουσες παθήσεις - επιπλοκές,444,2,222
Μ64Μ,Οστεομυελίτιδα με καταστροφικές ή σοβαρές συνυπάρχουσες παθήσεις - επιπλοκές,2669,15,177.9333333
Μ64Χ,Οστεομυελίτιδα χωρίς καταστροφικές ή σοβαρές συνυπάρχουσες παθήσεις - επιπλοκές,1175,8,146.875
Μ65Μ,Κακοήθεις νεοπλασματικοί όγκοι μυοσκελετικού με καταστροφικές συνυπάρχουσες παθήσεις-επιπλοκές,2560,12,213.3333333
Μ65Χ,Κακοήθεις νεοπλασματικοί όγκοι μυοσκελετικού χωρίς καταστροφικές συνυπάρχουσες παθήσεις-επιπλοκές,1222,5,244.4
Μ66Μ,Φλεγμονώδεις παθήσεις μυοσκελετικού με καταστροφικές ή σοβαρές συνυπάρχουσες παθήσεις - επιπλοκές,2436,10,243.6
Μ66Χ,Φλεγμονώδεις παθήσεις μυοσκελετικού χωρίς καταστροφικές ή σοβαρές συνυπάρχουσες παθήσεις - επιπλοκές,652,2,326
Μ67Μ,Σηπτική αρθρίτιδα με καταστροφικές ή σοβαρές συνυπάρχουσες παθήσεις - επιπλοκές,2428,12,202.3333333
Μ67Χ,Σηπτική αρθρίτιδα με καταστροφικές χωρίς σοβαρές συνυπάρχουσες παθήσεις - επιπλοκές,996,7,142.2857143
Μ68Μ,Μη χειρουργικές σκελετικές παθήσεις με συνυπάρχουσες παθήσεις - επιπλοκές,1712,9,190.2222222
Μ68Χ,Μη χειρουργικές παθήσεις νωτιαιου σωλήνα χωρίς συνυπάρχουσες παθήσεις - επιπλοκές,731,4,182.75
Μ68Α,Μη χειρουργικές παθήσεις νωτιαιου σωλήνα μιας ημέρας θεραπειών,151,1,151
Μ69Μ,Παθήσεις οστών και αρθροπάθειες με καταστροφικές ή σοβαρές συνυπάρχουσες παθήσεις - επιπλοκές,1533,9,170.3333333
Μ69Χ,Παθήσεις οστών και αρθροπάθειες χωρίς καταστροφικές ή σοβαρές συνυπάρχουσες παθήσεις - επιπλοκές,428,2,214
Μ71Μ,Λοιπές παθήσεις μυών-τενόντων με καταστροφικές ή σοβαρές συνυπάρχουσες παθήσεις - επιπλοκές,1323,7,189
Μ71Χ,Λοιπές παθήσεις μυών-τενόντων χωρίς καταστροφικές ή σοβαρές συνυπάρχουσες παθήσεις - επιπλοκές,405,2,202.5
Μ72Μ,Ειδικές παθήσεις μυών - τενόντων με καταστροφικές ή σοβαρές συνυπάρχουσες παθήσεις - επιπλοκές,1681,9,186.7777778
Μ72Χ,Ειδικές παθήσεις μυών - τενόντων χωρίς καταστροφικές ή σοβαρές συνυπάρχουσες παθήσεις - επιπλοκές,490,3,163.3333333
Μ73Μ,Μετεγχειρητική παρακολούθηση μυοσκελετικών μοσχευμάτων/ προθέσεων με καταστροφικές ή σοβαρές συνυπάρχουσες παθήσεις - επιπλοκές,2249,18,124.9444444
Μ73Χ,Μετεγχειρητική παρακολούθηση μυοσκελετικών μοσχευμάτων/ προθέσεων χωρίς καταστροφικές ή σοβαρές συνυπάρχουσες παθήσεις - επιπλοκές,584,4,146
Μ74Α,Κακώσεις αντιβραχίου καρπού. χειρός ή ποδός,350,2,175
Μ75Μ,Κάκωση ώμου. Βραχιονίου. αγκώνα. γόνατος. ποδιού ή αστραγάλου με συνυπάρχουσες παθήσεις - επιπλοκές,1455,8,181.875
Μ75Χ,Κάκωση ώμου. Βραχιονίου. αγκώνα. γόνατος. ποδιού ή αστραγάλου χωρίς συνυπάρχουσες παθήσεις - επιπλοκές,405,2,202.5
Μ76Μ,Λοιπές μυοσκελετικές παθήσεις με καταστροφικές ή σοβαρές συνυπάρχουσες παθήσεις - επιπλοκές,1292,7,184.5714286
Μ76Χ,Λοιπές μυοσκελετικές παθήσεις με καταστροφικές χωρίς σοβαρές συνυπάρχουσες παθήσεις - επιπλοκές,389,2,194.5
Μ77Μ,Κατάγματα λεκάνης με καταστροφικές ή σοβαρές συνυπάρχουσες παθήσεις - επιπλοκές,2257,13,173.6153846
Μ77Χ,Κατάγματα λεκάνης με καταστροφικές χωρίς σοβαρές συνυπάρχουσες παθήσεις - επιπλοκές,1058,6,176.3333333
Μ78Μ,Κατάγματα αυχένος του μηριαίου με καταστροφικές ή σοβαρές συνυπάρχουσες παθήσεις - επιπλοκές,1463,8,182.875
Μ78Χ,Κατάγματα αυχένος του μηριαίου χωρίς καταστροφικές η σοβαρές συνυπάρχουσες παθήσεις ή επιπλοκές,475,2,237.5
Μ79Μ,Παθολογικά κατάγματα με καταστροφικές συνυπάρχουσες παθήσεις - επιπλοκές,2942,17,173.0588235
Μ79Χ,Παθολογικά κατάγματα χωρίς καταστροφικές συνυπάρχουσες παθήσεις - επιπλοκές,1370,8,171.25
Δ01Μ,Μεταφορά μικροαγγειακού μοσχεύματος για διαταραχές δέρματος. υποδορίου ιστού και μαστού με καταστροφικές/σοβαρές συνυπάρχουσες παθήσεις – επιπλοκές,8557,15,570.4666667
Δ01Χ,Μεταφορά μικροαγγειακού μοσχεύματος για διαταραχές δέρματος. υποδορίου ιστού και μαστού χωρίς καταστροφικές/σοβαρές συνυπάρχουσες παθήσεις – επιπλοκές,6452,9,716.8888889
Δ06Α,Μείζονες επεμβάσεις μαστού,1383,3,461
Δ07Α,Ελάσσονες επεμβάσεις μαστού,605,1,605
Δ08Μ,Άλλες επεμβάσεις για δερματικό μόσχευμα και/ ή χειρουργικός καθαρισμός με συνυπάρχουσες παθήσεις – επιπλοκές,2294,11,208.5454545
Δ08Χ,Άλλες επεμβάσεις για δερματικό μόσχευμα και/ ή χειρουργικός καθαρισμός χωρίς συνυπάρχουσες παθήσεις – επιπλοκές,791,2,395.5
Δ09Α,Περιοδικές επεμβάσεις και επεμβάσεις τριχοφωλεακού συριγγίου,688,2,344
Δ10Α,Χειρουργικές επεμβάσεις πλαστικής δέρματος. υποδορίου ιστού και μαστού,672,1,672
Δ11Α,Άλλες χειρουργικές επεμβάσεις πλαστικής δέρματος. υποδορίου ιστού και μαστού,404,1,404
Δ12Μ,Επεμβάσεις στα κάτω άκρα με έλκος/ κυτταρίτιδα. με καταστροφικές συνυπάρχουσες παθήσεις - επιπλοκές,4871,23,211.7826087
Δ12Χα,Επεμβάσεις στα κάτω άκρα με έλκος/ κυτταρίτιδα. χωρίς καταστροφικές συνυπάρχουσες παθήσεις - επιπλοκές με επιδιόρθωση με δερματικό μόσχευμα ή μεταφορά δερματικού κρημνού,3097,13,238.2307692
Δ12Χβ,Επεμβάσεις στα κάτω άκρα με έλκος/ κυτταρίτιδα χωρίς καταστροφικές συνυπάρχουσες παθήσεις - επιπλοκές χωρίς επιδιόρθωση με δερματικό μόσχευμα ή μεταφορά δερματικού κρημνού,1774,8,221.75
Δ13Μ,Επεμβάσεις στα κάτω άκρα χωρίς έλκος/ κυτταρίτιδα με καταστροφικές συνυπάρχουσες παθήσεις - επιπλοκές ή με επιδιόρθωση με δερματικό μόσχευμα ή μεταφορά δερματικού κρημνού,2856,12,238
Δ13Χ,Επεμβάσεις στα κάτω άκρα χωρίς έλκος/ κυτταρίτιδα χωρίς καταστροφικές συνυπάρχουσες παθήσεις - επιπλοκές. χωρίς επιδιόρθωση με δερματικό μόσχευμα ή μεταφορά δερματικού κρημνού,915,4,228.75
Δ14Α,Εκτεταμένη πλαστική αποκατάσταση στήθους,4198,8,524.75
Δ20Μ,Δερματικά έλκη με καταστροφικές συνυπάρχουσες παθήσεις - επιπλοκές,2669,16,166.8125
Δ20Χ,Δερματικά έλκη χωρίς καταστροφικές συνυπάρχουσες παθήσεις - επιπλοκές,1471,9,163.4444444
Δ20Α,Δερματικά έλκη. την ίδια ημέρα,171,1,171
Δ22Μ,κακοήθεις παθήσεις του μαστου με συνυπάρχουσες παθήσεις - επιπλοκές,965,5,193
Δ22Χ,κακοήθεις παθήσεις του μαστου χωρίς συνυπάρχουσες παθήσεις - επιπλοκές,688,2,344
Δ23Μ,μη-κακοήθεις παθήσεις του μαστου με συνυπάρχουσες παθήσεις - επιπλοκές,965,5,193
Δ23Χ,μη-κακοήθεις παθήσεις του μαστου χωρίς συνυπάρχουσες παθήσεις - επιπλοκές,366,2,183
Δ24Μ,Κυτταρίτιδα με καταστροφικές ή σοβαρές συνυπάρχουσες παθήσεις - επιπλοκές,1619,9,179.8888889
Δ24Χ,Κυτταρίτιδα χωρίς καταστροφικές ή σοβαρές συνυπάρχουσες παθήσεις - επιπλοκές,802,4,200.5
Δ25Μ,Τραύμα στο δέρμα . υποδορίου και του μαστού με καταστ. η σοβαρές συνυπάρχουσες παθήσεις - επιπλοκές,1105,6,184.1666667
Δ25Χ,Τραύμα στο δέρμα . υποδορίου και του μαστού χωρίς καταστ. η σοβαρές συνυπάρχουσες παθήσεις - επιπλοκές,350,2,175
Δ27Μ,Ελάσσονες παθήσεις του δέρματος,708,3,236
Δ27Χ,Ελάσσονες παθήσεις του δέρματος την ίδια ημέρα,199,1,199
Δ28Μ,Μείζονες παθήσεις με καταστροφικές η σοβαρές συνυπάρχουσες παθήσεις - επιπλοκές,1969,10,196.9
Δ28Χ,Μείζονες παθήσεις χωρίς καταστροφικές η σοβαρές συνυπάρχουσες παθήσεις - επιπλοκές,965,4,241.25
Δ28Α,Μείζονες (μεγάλης βαρύτητας) παθήσεις την ίδια ημέρα,382,1,382
Δ29Μ,Κακοήθειες του δέρματος με καταστροφικές συνυπάρχουσες παθήσεις - επιπλοκές,2171,11,197.3636364
Δ29Χ,Κακοήθειες του δέρματος χωρίς καταστροφικές συνυπάρχουσες παθήσεις - επιπλοκές,1377,7,196.7142857
Δ29Α,Κακοήθειες του δέρματος την ίδια ημέρα,161,1,161
Θ01Μ,Διαβητικες επιπλοκές με καταστροφικές συνυπάρχουσες παθήσεις - επιπλοκές,6202,27,229.7037037
Θ01Χ,Διαβητικες επιπλοκες χωρίς καταστροφικές συνυπάρχουσες παθήσεις - επιπλοκές,2801,12,233.4166667
Θ02Μ,Επεμβάσεις υποφύσεως με συνυπάρχουσες παθήσεις - επιπλοκές,5135,10,513.5
Θ02Χ,Επεμβάσεις υποφύσεως χωρίς συνυπάρχουσες παθήσεις - επιπλοκές,3515,6,585.8333333
Θ03Α,Επεμβάσεις επινεφριδίου,3297,6,549.5
Θ04Μ,Μείζονες ( εξαιρετικά βαριές ) Επεμβασεις για την Παχυσαρκια με συνυπάρχουσες παθήσεις - επιπλοκές,4378,8,547.25
Θ04Χ,Μείζονες ( εξαιρετικά βαριές ) Επεμβασεις για την Παχυσαρκια χωρίς συνυπάρχουσες παθήσεις - επιπλοκές,2848,2,1424
Θ05Μ,Επεμβάσεις παραθυρεοειδών με καταστροφικές ή σοβαρές συνυπάρχουσες παθήσεις - επιπλοκές,2587,8,323.375
Θ05Χ,Επεμβάσεις παραθυρεοειδών χωρίς καταστροφικές ή σοβαρές συνυπάρχουσες παθήσεις - επιπλοκές,1218,2,609
Θ06Μ,Επεμβάσεις του θυρεοειδούς με καταστροφικές η σοβαρές συνυπάρχουσες παθήσεις - επιπλοκές,2620,5,524
Θ06Χ,Επεμβάσεις του θυρεοειδούς χωρίς καταστροφικές η σοβαρές συνυπάρχουσες παθήσεις - επιπλοκές,1581,2,790.5
Θ07Α,Επεμβάσεις για την παχυσαρκία,1276,3,425.3333333
Θ08Α,Επεμβάσεις θυρεογλωσσικές,952,1,952
Θ09Μ,Λοιπές χειρουργικές επεμβάσεις για ενδοκρινολογικές. διατροφικές και μεταβολικές διαταραχές με καταστροφικές συνυπάρχουσες παθήσεις - επιπλοκές,4895,19,257.6315789
Θ09Χα,Λοιπές χειρουργικές επεμβάσεις για ενδοκρινολογικές. διατροφικές και μεταβολικές διαταραχές χωρίς καταστροφικές συνυπάρχουσες παθήσεις - επιπλοκές,2080,7,297.1428571
Θ09Χβ,Άλλες Ενδοκρινολογικές. θρεπτικών και μεταβολικές επεμβάσεις χωρίς σοβαρές και μετριοπαθή συνυπάρχουσες παθήσεις - επιπλοκές,1765,3,588.3333333
Θ20Μ,Ενδοσκοπικές ή διερευνητικές επεμβάσεις για μεταβολικές δυσλειτουργίες με καταστροφικές συνυπάρχουσες παθήσεις - επιπλοκές,4296,18,238.6666667
Θ20Χ,Ενδοσκοπικές ή διερευνητικές επεμβάσεις για μεταβολικές δυσλειτουργίες χωρίς καταστροφικές συνυπάρχουσες παθήσεις - επιπλοκές,1580,7,225.7142857
Θ20Α,Ενδοσκοπικές ή διερευνητικές επεμβάσεις για μεταβολικές δυσλειτουργίες την ίδια ημέρα,297,1,297
Θ20Μ,Διαβήτης με καταστροφικές η σοβαρές συνυπάρχουσες παθήσεις - επιπλοκές,1735,8,216.875
Θ20Χ,Διαβήτης χωρίς καταστροφικές ή σοβαρές συνυπάρχουσες παθήσεις - επιπλοκές,731,3,243.6666667
Θ21Α,Σοβαρές διατροφικές διαταραχές,2599,12,216.5833333
Θ22Μ,Διάφορες δυσλειτουργίες του μεταβολισμού με καταστροφικές ή σοβαρές συνυπάρχουσες παθήσεις - επιπλοκές,1393,7,199
Θ22Χ,Διάφορες δυσλειτουργίες του μεταβολισμού χωρίς καταστροφικές ή σοβαρές συνυπάρχουσες παθήσεις - επιπλοκές,482,2,241
Θ23Μ,Συγγενή ασθένειες του μεταβολισμού με συνυπάρχουσες παθήσεις - επιπλοκές,1074,4,268.5
Θ23Χ,Συγγενή ασθένειες του μεταβολισμού χωρίς συνυπάρχουσες παθήσεις - επιπλοκές,405,2,202.5
Θ24Μ,Ενδοκρινολογικές δυσλειτουργίες με καταστροφικές η σοβαρές συνυπάρχουσες παθήσεις - επιπλοκές,1829,9,203.2222222
Θ24Χ,Ενδοκρινολογικές δυσλειτουργίες χωρίς καταστροφικές η σοβαρές συνυπάρχουσες παθήσεις - επιπλοκές,669,2,334.5
Υ02Μ,Επέμβαση τοποθέτησης εισαγωγής καθετήρα περιτοναϊκής κάθαρσης με καταστροφικές ή σοβαρές συνυπάρχουσες παθήσεις – επιπλοκές,3111,10,311.1
Υ02Χ,Επέμβαση τοποθέτησης εισαγωγής καθετήρα περιτοναϊκής κάθαρσης χωρίς καταστροφικές ή σοβαρές συνυπάρχουσες παθήσεις – επιπλοκές,1189,2,594.5
Υ03Μα,Επεμβάσεις νεφρού. ουρητήρα και μεγάλες επεμβάσεις ουροδόχου κύστης για νεοπλασία με καταστροφικές συνυπάρχουσες παθήσεις – επιπλοκές,6431,15,428.7333333
Υ03Μβ,Επεμβάσεις νεφρού. ουρητήρα και μεγάλες επεμβάσεις ουροδόχου κύστης για νεοπλασία με σοβαρές συνυπάρχουσες παθήσεις – επιπλοκές,4426,9,491.7777778
Υ03Χ,Επεμβάσεις νεφρού. ουρητήρα και μεγάλες επεμβάσεις ουροδόχου κύστης για νεοπλασία χωρίς καταστροφικές ή σοβαρές συνυπάρχουσες παθήσεις – επιπλοκές,2992,5,598.4
Υ04Μ,Επεμβάσεις νεφρού. ουρητήρα και μεγάλες επεμβάσεις ουροδόχου κύστης για μη-νεοπλασία με καταστροφικές συνυπάρχουσες παθήσεις – επιπλοκές,4355,15,290.3333333
Υ04Χα,Επεμβάσεις νεφρού. ουρητήρα και μεγάλες επεμβάσεις ουροδόχου κύστης για μη-νεοπλασία με σοβαρές συνυπάρχουσες παθήσεις – επιπλοκές,2361,7,337.2857143
Υ04Χβ,Επεμβάσεις νεφρού. ουρητήρα και μεγάλες επεμβάσεις ουροδόχου κύστης για μη-νεοπλασία χωρίς καταστροφικές ή σοβαρές συνυπάρχουσες παθήσεις – επιπλοκές,1605,3,535
Υ05Μ,Διουρηθρική προστατεκτομή με καταστροφικές ή σοβαρές συνυπάρχουσες παθήσεις – επιπλοκές,2848,11,258.9090909
Υ05Χ,Διουρηθρική προστατεκτομή χωρίς καταστροφικές ή σοβαρές συνυπάρχουσες παθήσεις – επιπλοκές,1000,3,333.3333333
Υ06Μ,Μικρές επεμβάσεις Ουροδοχου κυστεως με καταστροφικές ή σοβαρές συνυπάρχουσες παθήσεις – επιπλοκές,2381,9,264.5555556
Υ06Χ,Μικρές επεμβάσεις Ουροδοχου κυστεως χωρίς καταστροφικές ή σοβαρές συνυπάρχουσες παθήσεις – επιπλοκές,808,2,404
Υ07Μ,Διουρηθρικές επεμβάσεις εκτός προστατεκτομικές με καταστροφικές ή σοβαρές συνυπάρχουσες παθήσεις – επιπλοκές,1218,5,243.6
Υ07Χ,Διουρηθρικές επεμβάσεις εκτός προστατεκτομικές χωρίς καταστροφικές ή σοβαρές συνυπάρχουσες παθήσεις – επιπλοκές,680,1,680
Υ08Μ,Επεμβάσεις ουρήθρας με συνυπάρχουσες παθήσεις – επιπλοκές,1271,5,254.2
Υ08Χ,Επεμβάσεις ουρήθρας χωρίς συνυπάρχουσες παθήσεις – επιπλοκές,631,2,315.5
Υ09Μ,Άλλες επεμβάσεις για δυσλειτουργία νεφρού και ουροποιητικού συστήματος με καταστροφικές ή σοβαρές συνυπάρχουσες παθήσεις – επιπλοκές,4729,17,278.1764706
Υ09Χα,Άλλες επεμβάσεις για δυσλειτουργία νεφρού και ουροποιητικού συστήματος χωρίς καταστροφικές ή σοβαρές συνυπάρχουσες παθήσεις – επιπλοκές,1919,4,479.75
Υ09Χβ,Άλλες επεμβάσεις στα νεφρά και το ουροποιητικό σύστημα χωρίς καταστροφικές συνυπάρχουσες παθήσεις - επιπλοκές,1035,2,517.5
Υ20Α,Ουρηθροσκόπηση,767,2,383.5
Υ21Α,Ουρηθροσκόπηση σε μία ημέρα,231,1,231
Υ22Α,Εξωσωματική λιθοτριψία για λίθους του ουροποιητικού,482,1,482
Υ20Μα,Νεφρική ανεπάρκεια με καταστροφικές συνυπάρχουσες παθήσεις – επιπλοκές,2934,12,244.5
Υ20Μβ,Νεφρική ανεπάρκεια με σοβαρές συνυπάρχουσες παθήσεις – επιπλοκές,1300,6,216.6666667
Υ20Χ,Νεφρική ανεπάρκεια χωρίς καταστροφικές ή σοβαρές συνυπάρχουσες παθήσεις – επιπλοκές,584,3,194.6666667
Υ21Α,Αιμοκάθαρση,136,1,136
Υ22Μ,Νεοπλάσματα νεφρού και ουροποιητικού με καταστροφικές ή σοβαρές συνυπάρχουσες παθήσεις – επιπλοκές,1471,7,210.1428571
Υ22Χ,Νεοπλάσματα νεφρού και ουροποιητικού χωρίς καταστροφικές ή σοβαρές συνυπάρχουσες παθήσεις – επιπλοκές,545,2,272.5
Υ23Μ,Λοιμώξεις νεφρού και ουροποιητικού με καταστροφικές ή σοβαρές συνυπάρχουσες παθήσεις – επιπλοκές,1564,8,195.5
Υ23Χ,Λοιμώξεις νεφρού και ουροποιητικού χωρίς καταστροφικές ή σοβαρές συνυπάρχουσες παθήσεις – επιπλοκές,560,3,186.6666667
Υ24Α,Λιθίαση ουροποιητικού και απόφραξη,389,2,194.5
Υ25Μ,Συμπτώματα και σημεία των νεφρών και του ουροποιητικού συστήματος με καταστροφικές ή σοβαρές συνυπάρχουσες παθήσεις - επιπλοκές,1128,6,188
Υ25Χ,Συμπτώματα και σημεία των νεφρών και του ουροποιητικού συστήματος χωρίς καταστροφικές ή σοβαρές συνυπάρχουσες παθήσεις - επιπλοκές,405,2,202.5
Υ26Α,Στενώματα ουρήθρας,440,2,220
Υ27Μ,Λοιπές διαγνώσεις των νεφρών και του ουροποιητικού συστήματος με καταστροφικές ή σοβαρές συνυπάρχουσες παθήσεις - επιπλοκές,1673,7,239
Υ27Χ,Λοιπές διαγνώσεις των νεφρών και του ουροποιητικού συστήματος χωρίς καταστροφικές ή σοβαρές συνυπάρχουσες παθήσεις - επιπλοκές,358,2,179
Υ28Α,Περιτοναϊκή κάθαρση,296,1,296
Β01Μ,Μείζονες ανδρικές πυελικές επεμβάσεις με καταστροφικές ή σοβαρές συνυπάρχουσες παθήσεις – επιπλοκές,3553,8,444.125
Β01Χ,Μείζονες ανδρικές πυελικές επεμβάσεις χωρίς καταστροφικές ή σοβαρές συνυπάρχουσες παθήσεις – επιπλοκές,2892,4,723
Β02Μ,Διουρηθρική προστατεκτομή με καταστροφικές ή σοβαρές συνυπάρχουσες επιπλοκές,1719,7,245.5714286
Β02Χ,Διουρηθρική προστατεκτομή χωρίς καταστροφικές ή σοβαρές συνυπάρχουσες επιπλοκές,1007,3,335.6666667
Β03Α,Επεμβάσεις Πέους,771,2,385.5
Β04Α,Επεμβάσεις όρχεων,652,1,652
Β05Α,Περιτομή,458,1,458
Β06Μ,Λοιπές χειρουργικές επεμβάσεις αντρικού αναπαραγωγικού συστήματος με καταστροφικές συνυπάρχουσες παθήσεις - επιπλοκές,1930,6,321.6666667
Β06Χ,Λοιπές χειρουργικές επεμβάσεις αντρικού αναπαραγωγικού συστήματος χωρίς καταστροφικές συνυπάρχουσες παθήσεις - επιπλοκές,1659,2,829.5
Β10Α,Κυστεοσκόπηση. την ίδια ημέρα,220,1,220
Β20Μ,Κακοήθεια του αντρικού αναπαραγωγικού συστήματος με καταστροφικές ή σοβαρές συνυπάρχουσες παθήσεις - επιπλοκές,1323,7,189
Β20Χ,Κακοήθεια του αντρικού αναπαραγωγικού συστήματος χωρίς καταστροφικές ή σοβαρές συνυπάρχουσες παθήσεις - επιπλοκές,413,2,206.5
Β21Α,Καλοήθης υπερτροφία προστάτη,459,2,229.5
Β22Α,Φλεγμονή του αντρικού αναπαραγωγικού συστήματος,545,3,181.6666667
Β23Α,Αντρική στείρωση,316,1,316
Β24Α,Άλλη διάγνωση αντρικού αναπαραγωγικού συστήματος,296,1,296
Γ01Α,Πυελική εξπλάχνιση και ριζική βουλβεκτομή,2964,8,370.5
Γ04Μ,Υστερεκτομή για μη κακοήθεια με καταστροφικές ή σοβαρές συνυπάρχουσες παθήσεις - επιπλοκές,2062,5,412.4
Γ04Χ,Υστερεκτομή για μη κακοήθεια χωρίς καταστροφικές ή σοβαρές συνυπάρχουσες παθήσεις - επιπλοκές,1525,3,508.3333333
Γ05Μ,Χειρουργική αφαίρεση ωοθηκών και σαλπίγγων για μη κακοήθεια με καταστροφικές ή σοβαρές συνυπάρχουσες παθήσεις - επιπλοκές,2147,6,357.8333333
Γ05Χ,Χειρουργική αφαίρεση ωοθηκών και σαλπίγγων για μη κακοήθεια χωρίς καταστροφικές ή σοβαρές συνυπάρχουσες παθήσεις - επιπλοκές,1374,2,687
Γ06Μ,Επανορθωτική επέμβαση γυναικείου αναπαραγωγικού συστήματος με καταστροφικές ή σοβαρές συνυπάρχουσες παθήσεις - επιπλοκές,1649,4,412.25
Γ06Χ,Επανορθωτική επέμβαση γυναικείου αναπαραγωγικού συστήματος χωρίς καταστροφικές ή σοβαρές συνυπάρχουσες παθήσεις - επιπλοκές,1264,2,632
Γ07Α,Λοιπές επεμβάσεις μήτρας και εξαρτημάτων για μη κακοήθεια,742,1,742
Γ08Α,Ενδοσκοπικές και λαπαροσκοπικές Επεμβάσεις στο γυναικείο αναπαραγωγικό σύστημα,719,1,719
Γ09Α,Επεμβάσεις αΐδιου. τραχήλου και κόλπου,418,2,209
Γ10Α,Διαγνωστική υστεροσκόπηση απόξεση,425,1,425
Γ11Α,Άλλες επεμβάσεις στο γυναικείο αναπαραγωγικό σύστημα,729,3,243
Γ12Μ,Επέμβαση για κακοήθεια μήτρας και δευτερευόντων οργάνων με καταστροφικές συνυπάρχουσες παθήσεις - επιπλοκές,3576,9,397.3333333
Γ12Χ,Επέμβαση για κακοήθεια μήτρας και δευτερευόντων οργάνων χωρίς καταστροφικές συνυπάρχουσες παθήσεις - επιπλοκές,1963,4,490.75
Γ20Μ,Κακοήθεια γυναικείου αναπαραγωγικού συστήματος με καταστροφικές συνυπάρχουσες παθήσεις - επιπλοκές,1969,9,218.7777778
Γ20Χ,Κακοήθεια γυναικείου αναπαραγωγικού συστήματος χωρίς καταστροφικές συνυπάρχουσες παθήσεις - επιπλοκές,755,3,251.6666667
Γ21Α,Λοιμώξεις του γυναικείου αναπαραγωγικού συστήματος,475,2,237.5
Γ22Α,Διαταραχές εμμήνου ρύσεως και άλλες διαταραχές του γυναικείου αναπαραγωγικού συστήματος,257,1,257
Λ01Μ,Τοκετός με καισαρική τομή με καταστροφικές ή σοβαρές συνυπάρχουσες παθήσεις - επιπλοκές,2171,7,310.1428571
Λ01Χ,Τοκετός με καισαρική τομή χωρίς καταστροφικές ή σοβαρές συνυπάρχουσες παθήσεις - επιπλοκές,1541,4,385.25
Λ02Μ,Κολπικός τοκετός με παρέμβαση στο χειρουργείο με καταστροφικές ή σοβαρές συνυπάρχουσες παθήσεις - επιπλοκές,1743,4,435.75
Λ02Χ,Κολπικός τοκετός με επέμβαση στο χειρουργείο χωρίς καταστροφικές ή σοβαρές συνυπάρχουσες παθήσεις - επιπλοκές,1175,3,391.6666667
Λ03Μ,Έκτοπη κύηση με καταστροφικές συνυπάρχουσες παθήσεις - επιπλοκές,1249,3,416.3333333
Λ03Χ,Έκτοπη κύηση χωρίς καταστροφικές συνυπάρχουσες παθήσεις - επιπλοκές,886,2,443
Λ04Μ,Επέμβαση στο χειρουργείο μετά τον τοκετό ή μετά την άμβλωση με καταστροφικές ή σοβαρές συνυπάρχουσες παθήσεις - επιπλοκές,1807,5,361.4
Λ04Χ,Επέμβαση σο χειρουργείο μετά τον τοκετό ή μετά την άμβλωση χωρίς καταστροφικές ή σοβαρές συνυπάρχουσες παθήσεις - επιπλοκές,571,2,285.5
Λ05Α,Άμβλωση με χειρουργική επέμβαση,334,1,334
Λ20Α,Κολπικός τοκετός,872,3,290.6666667
Λ21Α,Μετά τοκετός άμβλωση χωρίς χειρουργική επέμβαση,420,2,210
Λ23Α,Άμβλωση χωρίς επέμβαση στο χειρουργείο,265,1,265
Λ24Α,Αποβολή,288,2,144
Λ26Α,Προγεννητική και άλλη μαιευτική εισαγωγή,257,2,128.5
Τ01Α,Νεογνά που κατέληξαν ή διακομίστηκαν σε <5 ημέρες από την εισαγωγή με σημαντικές χειρουργικές επεμβάσεις,1381,1,1381
Τ02Α,Καρδιοθωρακική / αγγειοχειρουργική επέμβαση σε νεογνά,20279,23,881.6956522
Τ03Α,Σημαντική χειρουργική επέμβαση σε νεογνά με βάρος εισαγωγής 1000-1499 gr,16846,48,350.9583333
Τ04Α,Σημαντική χειρουργική επέμβαση σε νεογνά με βάρος εισαγωγής 1500 1999 gr,11997,34,352.8529412
Τ05Α,Σημαντική χειρουργική επέμβαση σε νεογνά με βάρος εισαγωγής 2000-2499 gr,10357,27,383.5925926
Τ06Μ,Σημαντική χειρουργική επέμβαση σε νεογνά με βάρος εισαγωγής >2499 gr με πολλαπλά σοβαρά προβλήματα,15128,30,504.2666667
Τ06Χ,Σημαντική χειρουργική επέμβαση σε νεογνά με βάρος εισαγωγής >2499 gr χωρίς πολλαπλά σοβαρά προβλήματα,5062,13,389.3846154
Τ20Μ,Νεογνά που κατέληξαν ή διακομίστηκαν σε <5 ημέρες από την εισαγωγή χωρίς σημαντική χειρουργική επέμβαση. νεογέννητα,244,2,122
Τ20Χ,Νεογνά που κατέληξαν ή διακομίστηκαν σε <5 ημέρες από την εισαγωγή χωρίς σημαντική χειρουργική επέμβαση εκτός νεογέννητων,512,2,256
Τ21Α,Νεογνά με βάρος εισαγωγής <750 gr,41579,73,569.5753425
Τ22Α,Νεογνά με βάρος εισαγωγής 750-999 gr,30725,65,472.6923077
Τ23Α,Νεογνά με βάρος εισαγωγής 1000-1249 gr χωρίς σημαντική χειρουργική επέμβαση,7359,25,294.36
Τ24Α,Νεογνά με βάρος εισαγωγής 1250 -1499 gr χωρίς σημαντική χειρουργική επέμβαση,5818,26,223.7692308
Τ25Μα,Νεογνά με βάρος εισαγωγής 1500 - 1999 gr χωρίς σημαντική χειρουργική επέμβαση με πολλαπλά μείζονα προβλήματα,5872,24,244.6666667
Τ25Μβ,Νεογνά με βάρος εισαγωγής 1500 - 1999 gr χωρίς σημαντική χειρουργική επέμβαση με σημαντικά προβλήματα,4145,20,207.25
Τ25Μγ,Νεογνά με βάρος εισαγωγής 1500 - 1999 gr χωρίς σημαντική χειρουργική επέμβαση με άλλα προβλήματα,3158,18,175.4444444
Τ25Χ,Νεογνά με βάρος εισαγωγής 1500 - 1999 gr χωρίς σημαντική χειρουργική επέμβαση χωρίς προβλήματα,2646,15,176.4
Τ26Μα,Νεογνά με βάρος εισαγωγής 2000 - 2499 gr χωρίς σημαντική χειρουργική επέμβαση με πολλαπλά προβλήματα,3719,15,247.9333333
Τ26Μβ,Νεογνά με βάρος εισαγωγής 2000 - 2499 gr χωρίς σημαντική χειρουργική επέμβαση σημαντικά προβλήματα,2346,12,195.5
Τ26Μγ,Νεογνά με βάρος εισαγωγής 2000 - 2499 gr χωρίς σημαντική χειρουργική επέμβαση με λοιπά προβλήματα,1644,11,149.4545455
Τ26Χ,Νεογνά με βάρος εισαγωγής 2000 - 2499 gr χωρίς σημαντική χειρουργική επέμβαση χωρίς προβλήματα,716,5,143.2
Τ27Μα,Νεογνά με βάρος εισαγωγής >2499 gr χωρίς σημαντική χειρουργική επέμβαση πολλαπλά μείζονα προβλήματα,3076,12,256.3333333
Τ27Μβ,Νεογνά με βάρος εισαγωγής >2499 gr χωρίς σημαντική χειρουργική επέμβαση σημαντικά προβλήματα,1294,7,184.8571429
Τ27Μγ,Νεογνά με βάρος εισαγωγής >2499 gr χωρίς σημαντική χειρουργική επέμβαση λοιπά προβλήματα,918,5,183.6
Τ27Χ,Νεογνά με βάρος εισαγωγής >2499 gr χωρίς σημαντική χειρουργική επέμβαση χωρίς προβλήματα,428,3,142.6666667
Ξ01Α,Σπληνεκτομή,3476,7,496.5714286
Ξ02Μ,Λοιπές χειρουργικές επεμβάσεις αίματος και αιμοποιητικών οργάνων με καταστροφικές ή σοβαρές συνυπάρχουσες παθήσεις - επιπλοκές,4655,13,358.0769231
Ξ02Χ,Λοιπές χειρουργικές επεμβάσεις αίματος και αιμοποιητικών οργάνων χωρίς καταστροφικές ή σοβαρές συνυπάρχουσες παθήσεις - επιπλοκές,781,2,390.5
Ξ20Μ,Δυσλειτουργίες δικτυοενδοθηλιακού και ανοσοποιητικού με καταστροφικές ή σοβαρές συνυπάρχουσες παθήσεις - επιπλοκές,1945,7,277.8571429
Ξ20Χα,Δυσλειτουργίες δικτυοενδοθηλιακού και ανοσοποιητικού χωρίς καταστροφικές ή σοβαρές συνυπάρχουσες παθήσεις - επιπλοκές με κακοήθεια,786,3,262
Ξ20Χβ,Δυσλειτουργίες δικτυοενδοθηλιακού και ανοσοποιητικού χωρίς καταστροφικές ή σοβαρές συνυπάρχουσες παθήσεις - επιπλοκές χωρίς κακοήθεια,257,1,257
Ξ21Μ,Δυσλειτουργίες ερυθρόκυττάρων με καταστροφικές ή σοβαρές συνυπάρχουσες παθήσεις - επιπλοκές,1136,6,189.3333333
Ξ21Χ,Δυσλειτουργίες ερυθρόκυττάρων χωρίς καταστροφικές ή σοβαρές συνυπάρχουσες παθήσεις - επιπλοκές,315,1,315
Ξ22Α,Διαταραχές πήξεως αίματος,514,3,171.3333333
Σ01Μ,Λέμφωμα και λευχαιμία με μείζονες χειρουργικες επεμβάσεις με καταστροφικές ή σοβαρές συνυπάρχουσες παθήσεις - επιπλοκές,8558,23,372.0869565
Σ01Χ,Λέμφωμα και λευχαιμία με μείζονες χειρουργικές Επεμβάσεις χωρίς καταστροφικές ή σοβαρές συνυπάρχουσες παθήσεις - επιπλοκές,2236,6,372.6666667
Σ02Μ,Άλλες νεοπλαστικές δυσλειτουργίες με μείζονες χειρουργικές επεμβάσεις με καταστροφικές συνυπάρχουσες παθήσεις - επιπλοκές,5777,18,320.9444444
Σ02Χα,Άλλες νεοπλαστικές δυσλειτουργίες με μείζονες χειρουργικές επεμβάσεις με σοβαρές ή μεσαίου μεγέθους συνυπάρχουσες παθήσεις - επιπλοκές,3109,8,388.625
Σ02Χβ,Άλλες νεοπλαστικές δυσλειτουργίες με μείζονες χειρουργικές επεμβάσεις χωρίς συνυπάρχουσες παθήσεις - επιπλοκές,2056,5,411.2
Σ03Μ,Λέμφωμα και λευχαιμία με άλλες χειρουργικές επεμβάσεις με μείζονες χειρουργικές επεμβάσεις με καταστροφικές ή σοβαρές συνυπάρχουσες παθήσεις - επιπλοκές,6097,20,304.85
Σ03Χ,Λέμφωμα και λευχαιμία με άλλες χειρουργικές επεμβάσεις χωρίς καταστροφικές ή σοβαρές συνυπάρχουσες παθήσεις - επιπλοκές,1099,3,366.3333333
Σ04Μ,Λοιπές νεοπλαστικές διαταραχές με χειρουργικές επεμβάσεις με συνυπάρχουσες παθήσεις - επιπλοκές,1694,7,242
Σ04Χ,Λοιπές νεοπλαστικές διαταραχές με χειρουργικές επεμβάσεις χωρίς συνυπάρχουσες παθήσεις - επιπλοκές,966,2,483
Σ20Μ,Οξεία λευχαιμία με καταστροφικές συνυπάρχουσες παθήσεις - επιπλοκές,7435,17,437.3529412
Σ20Χ,Οξεία λευχαιμία χωρίς καταστροφικές συνυπάρχουσες παθήσεις - επιπλοκές,988,3,329.3333333
Σ21Μ,Λέμφωμα και μη-οξεία λευχαιμία με καταστροφικές συνυπάρχουσες παθήσεις - επιπλοκές,3782,14,270.1428571
Σ21Χ,Λέμφωμα και μη-οξεία λευχαιμία χωρίς καταστροφικές συνυπάρχουσες παθήσεις - επιπλοκές,1886,5,377.2
Σ21Α,Λέμφωμα και μη-οξεία λευχαιμία. την ίδια ημέρα,294,1,294
Σ22Μ,Λοιπές νεοπλαστικές παθήσεις με συνυπάρχουσες παθήσεις - επιπλοκές,1253,6,208.8333333
Σ22Χ,Λοιπές νεοπλαστικές παθήσεις χωρίς συνυπάρχουσες παθήσεις - επιπλοκές,638,2,319
Ρ01Α,Σύνδρομο επίκτητης ανοσολογικής ανεπάρκειας (HIV). ίδια μέρα,443,1,443
Ρ05Μα,Ασθένειες σχετιζόμενες με το HIV με καταστροφικές συνυπάρχουσες παθήσεις - επιπλοκές,8110,20,405.5
Ρ05Μβ,Ασθένειες σχετιζόμενες με το HIV με σοβαρές συνυπάρχουσες παθήσεις - επιπλοκές,3050,9,338.8888889
Ρ05Χ,Ασθένειες σχετιζόμενες με το HIV χωρίς καταστροφικές ή σοβαρές συνυπάρχουσες παθήσεις - επιπλοκές,2140,6,356.6666667
Ρ10Μα,Επεμβάσεις για λοιμώδεις και παρασιτικές ασθένειες με καταστροφικές συνυπάρχουσες παθήσεις - επιπλοκές,7118,24,296.5833333
Ρ10Μβ,Επεμβάσεις για λοιμώδεις και παρασιτικές ασθένειες με σοβαρές ή μεσαίου μεγέθους συνυπάρχουσες παθήσεις - επιπλοκές,2688,12,224
Ρ10Χ,Επεμβάσεις για λοιμώδεις και παρασιτικές ασθένειες χωρίς συνυπάρχουσες παθήσεις - επιπλοκές,1473,7,210.4285714
Ρ20Α,Λοιμώδεις και παρασιτικές ασθενείς με μηχανική υποστήριξη αναπνοής,6023,11,547.5454545
Ρ20Μ,Σηψαιμία με καταστροφικές συνυπάρχουσες παθήσεις - επιπλοκές,2514,11,228.5454545
Ρ20Χ,Σηψαιμία χωρίς καταστροφικές συνυπάρχουσες παθήσεις - επιπλοκές,1261,6,210.1666667
Ρ21Μ,Μετεγχειρητικές και μετεπεμβατικές λοιμώξεις με καταστροφικές ή σοβαρές συνυπάρχουσες παθήσεις - επιπλοκές,1556,8,194.5
Ρ21Χ,Μετεγχειρητικές και μετεπεμβατικές λοιμώξεις χωρίς καταστροφικές ή σοβαρές συνυπάρχουσες παθήσεις - επιπλοκές,778,4,194.5
Ρ22Μ,Εμπύρετο αγνώστου προελεύσεως με συνυπάρχουσες παθήσεις – επιπλοκές,1105,5,221
Ρ22Χ,Εμπύρετο αγνώστου προελεύσεως χωρίς συνυπάρχουσες παθήσεις – επιπλοκές,444,2,222
Ρ23Α,Ιογενής λοιμώξεις,428,2,214
Ρ24Μα,Λοιπές λοιμώξεις και παρασιτικά νοσήματα με καταστροφικές συνυπάρχουσες παθήσεις – επιπλοκές,3773,14,269.5
Ρ24Μβ,Λοιπές λοιμώξεις και παρασιτικά νοσήματα με μέτριου βαθμού συνυπάρχουσες παθήσεις – επιπλοκές,1401,6,233.5
Ρ24Χ,Λοιπές λοιμώξεις και παρασιτικά νοσήματα χωρίς συνυπάρχουσες παθήσεις – επιπλοκές,623,3,207.6666667
Χ20Α,Θεραπεία διανοητικών διαταραχών με ηλεκτροσπασμοθεραπεία. ιδια μερα,148,1,148
Χ40Α,Θεραπεία διανοητικών διαταραχών χωρίς ηλεκτροσπασμοθεραπεία. ιδια μερα,140,1,140
Χ41Α,Σχιζοφρένεια,3066,21,146
Χ42Μ,Παράνοια και οξεία ψυχωτική διαταραχή με καταστροφικές ή σοβαρές συνυπάρχουσες παθήσεις – επιπλοκές ή με νομικό καθεστώς ψυχικής υγείας,3268,15,217.8666667
Χ42Χ,Παράνοια και οξεία ψυχωτική διαταραχή με καταστροφικές ή σοβαρές συνυπάρχουσες παθήσεις – επιπλοκές ή χωρίς νομικό καθεστώς ψυχικής υγείας,1331,8,166.375
Χ43Α,Μείζονες συναισθηματικές διαταραχές,2568,14,183.4285714
Χ44Α,Άλλες συναισθηματικές διαταραχές και διαταραχές μετατροπής,1152,7,164.5714286
Χ45Α,Αγχώδεις διαταραχές,965,4,241.25
Χ46Α,Ψυχαναγκαστικές διαταραχές και διαταραχές διατροφής,4171,20,208.55
Χ47Α,Διαταραχή προσωπικότητας και οξείες αντιδράσεις,1214,6,202.3333333
Χ48Α,Διανοητικές δυσλειτουργίες παιδικής ηλικίας,3261,10,326.1
Ι20Α,Αλκοολική δηλητηρίαση και σύνδρομο στέρησης,366,2,183
Ι21Α,Δηλητηρίαση-τοξικότητα από χρήση ναρκωτικών και σύνδρομο στέρησης,1089,5,217.8
Ι22Μ,Δυσλειτουργία από χρήση αλκοόλ και εξάρτηση,910,6,151.6666667
Ι22Χ,Δυσλειτουργία από χρήση αλκοόλ και εξάρτηση. της ίδιας μέρας,366,1,366
Ι23Α,Δυσλειτουργία από χρήση απιοειδών και εξάρτηση,576,5,115.2
Ι24Α,Δυσλειτουργία από χρήση άλλων ναρκωτικών και εξάρτηση,599,4,149.75
Φ01Α,Μηχανικός αερισμός αναπνοής ή κρανιακές επεμβάσεις για πολλαπλά μείζονα τραύματα,12204,21,581.1428571
Φ02Μ,Επεμβάσεις ισχίου. μηριαίου και άκρων για πολλαπλά μείζονα τραύματα. συμπεριλαμβανομένης εμφύτευσης με καταστροφικές σοβαρές συνυπάρχουσες παθήσεις - επιπλοκές,9426,22,428.4545455
Φ02Χ,Επεμβάσεις ισχίου. μηριαίου και άκρων για πολλαπλά μείζονα τραύματα. συμπεριλαμβανομένης εμφύτευσης χωρίς καταστροφικές σοβαρές συνυπάρχουσες παθήσεις - επιπλοκές,8412,15,560.8
Φ03Α,Επεμβάσεις κοιλιακής χώρας για πολλαπλά μείζονα τραύματα,5386,13,414.3076923
Φ04Μ,Λοιπές χειρουργικές επεμβάσεις για πολλαπλό τραύμα με καταστροφικές ή σοβαρές συνυπάρχουσες παθήσεις - επιπλοκές,8798,22,399.9090909
Φ04Χ,Λοιπές χειρουργικές επεμβάσεις για πολλαπλό τραύμα χωρίς καταστροφικές ή σοβαρές συνυπάρχουσες παθήσεις - επιπλοκές,5558,11,505.2727273
Φ10Α,Πολυτραυματίας. νεκρός ή διακομισθής σε άλλη μονάδα θεραπείας κάτω από 5 ημέρες,1472,1,1472
Φ11Μ,Πολυτραυματίας χωρίς σημαντικές επεμβάσεις με καταστροφικές ή σοβαρές συνυπάρχουσες παθήσεις – επιπλοκές,3657,15,243.8
Φ11Χ,Πολυτραυματίας χωρίς σημαντικές επεμβάσεις και χωρίς καταστροφικές ή σοβαρές συνυπάρχουσες παθήσεις – επιπλοκές,1883,7,269
Φ22Μ,Μικροχειρουργική μεταφορά ιστών ή δερματικό μόσχευμα με καταστροφικές ή σοβαρές συνυπάρχουσες παθήσεις- επιπλοκές για τραυματισμούς άκρας χειρός,2357,5,471.4
Φ22Χ,Δερματικό μόσχευμα για τραύματα του χεριού χωρίς καταστροφικές ή σοβαρές συνυπάρχουσες παθήσεις - επιπλοκές,827,2,413.5
Φ24Μ,Λοιπές επεμβάσεις για τραύματα κάτω άκρων με καταστροφικές ή σοβαρές συνυπάρχουσες παθήσεις - επιπλοκές,2785,11,253.1818182
Φ24Χ,Λοιπές επεμβάσεις για τραύματα κάτω άκρων χωρίς καταστροφικές ή σοβαρές συνυπάρχουσες παθήσεις - επιπλοκές,934,2,467
Φ25Μ,Άλλες επεμβάσεις για τραύματα χεριών με καταστροφικές ή σοβαρές συνυπάρχουσες παθήσεις ή επιπλοκές,1256,4,314
Φ25Χ,Άλλες επεμβάσεις για τραύματα χεριών χωρίς καταστροφικές ή σοβαρές συνυπάρχουσες παθήσεις - επιπλοκές,700,1,700
Φ26Μ,Άλλες επεμβάσεις για άλλους τραυματισμούς με καταστροφικές ή σοβαρές συνυπάρχουσες παθήσεις - επιπλοκές,2460,9,273.3333333
Φ26Χ,Άλλες επεμβάσεις για άλλους τραυματισμούς χωρίς καταστροφικές ή σοβαρές συνυπάρχουσες παθήσεις - επιπλοκές,828,2,414
Φ27Μ,Δερματικό μόσχευμα για τραυματισμούς εκτός από μικροχειρουργική μεταφορά ιστών χεριού με καταστροφικές ή σοβαρές συνυπάρχουσες παθήσεις - επιπλοκές,3631,17,213.5882353
Φ27Χ,Δερματικό μόσχευμα για τραυματισμούς εκτός από μικροχειρουργική μεταφορά ιστών χεριού χωρίς καταστροφικές ή σοβαρές συνυπάρχουσες παθήσεις - επιπλοκές,1479,6,246.5
Φ40Α,Τραύματα. δηλητηριάσεις και τοξικές επιδράσεις από φάρμακα με μηχανική υποστήριξη αναπνοής,3649,7,521.2857143
Φ60Μ,Τραύματα με καταστροφικές ή σοβαρές συνυπάρχουσες παθήσεις – επιπλοκές,1144,7,163.4285714
Φ60Χ,Τραύματα χωρίς καταστροφικές ή σοβαρές συνυπάρχουσες παθήσεις – επιπλοκές,288,2,144
Φ61Α,Αλλεργικές αντιδράσεις,280,1,280
Φ62Μ,Δηλητηριάσεις. τοξικές επιδράσεις φαρμάκων και άλλων ουσιών με καταστροφικές ή σοβαρές συνυπάρχουσες παθήσεις – επιπλοκές,1183,4,295.75
Φ62Χ,Δηλητηριάσεις. τοξικές επιδράσεις φαρμάκων και άλλων ουσιών χωρίς καταστροφικές ή σοβαρές συνυπάρχουσες παθήσεις – επιπλοκές,374,2,187
Φ63Μ,Δευτερογενείς επιπλοκές θεραπείας με καταστροφικές ή σοβαρές συνυπάρχουσες παθήσεις – επιπλοκές,1245,6,207.5
Φ63Χ,Δευτερογενείς επιπλοκές θεραπείας χωρίς καταστροφικές ή σοβαρές συνυπάρχουσες παθήσεις – επιπλοκές,506,3,168.6666667
Φ64Μ,Άλλες διαγνώσεις τραυματισμού. δηλητηρίασης και τοξικής επίδρασης με καταστροφικές ή σοβαρές συνυπάρχουσες παθήσεις – επιπλοκές,1159,5,231.8
Φ64Χ,Άλλες διαγνώσεις τραυματισμού. δηλητηρίασης και τοξικής επίδρασης χωρίς καταστροφικές ή σοβαρές συνυπάρχουσες παθήσεις – επιπλοκές,303,1,303
Ζ01Α,Μηχανική υποστήριξη αναπνοής για εγκαυματίες και σοβαρά ολικού πάχους εγκαύματα,36068,38,949.1578947
Ζ02Μ,Λοιπά εγκαύματα και δερματικά μοσχεύματα με συνυπάρχουσες παθήσεις-επιπλοκές,7225,18,401.3888889
Ζ02Χ,Λοιπά εγκαύματα και δερματικά μοσχεύματα χωρίς συνυπάρχουσες παθήσεις-επιπλοκές,2979,6,496.5
Ζ03Α,Λοιπές επεμβάσεις στο χειρουργείο για εγκαύματα,2312,5,462.4
Ζ20Α,Εγκαύματα που διακομίστηκαν σε άλλη μονάδα < 5 ημέρες,241,1,241
Ζ21Α,Σοβαρά εγκαύματα,848,4,212
Ζ22Μ,Άλλα εγκαύματα με συνυπάρχουσες παθήσεις – επιπλοκές,1167,6,194.5
Ζ22Χ,Άλλα εγκαύματα χωρίς συνυπάρχουσες παθήσεις – επιπλοκές,397,2,198.5
S01Μ,Χειρουργικές επεμβάσεις για διαγνώσεις που σχετίζονται με άλλη χρήση υπηρεσιών υγείας με σοβαρές ή καταστροφικές συνυπάρχουσες παθήσεις-επιπλοκές,2413,6,402.1666667
S01Χ,Χειρουργικές επεμβάσεις για διαγνώσεις που σχετίζονται με άλλη χρήση υπηρεσιών υγείας χωρίς σοβαρές ή καταστροφικές συνυπάρχουσες παθήσεις-επιπλοκές,1334,1,1334
S01Α,Ενδοσκοπήσεις για διάγνωση για άλλη χρήση υπηρεσιών υγείας. ίδια ημέρα,540,1,540
S20Μ,Αποκατάσταση με καταστροφικές συνυπάρχουσες παθήσεις – επιπλοκές,2716,20,135.8
S20Χ,Αποκατάσταση χωρίς καταστροφικές συνυπάρχουσες παθήσεις – επιπλοκές,1759,19,92.57894737
S20Α,Αποκατάσταση. της ίδιας ημέρας,934,1,934
S21Μ,Σημεία και συμπτώματα,887,5,177.4
S21Χ,Σημεία και συμπτώματα. της ίδιας ημέρας,232,1,232
S23Μ,Follow up για χειρουργικές και ιατρικές υπηρεσίες και φροντίδα με καταστροφικές συνυπάρχουσες παθήσεις-επιπλοκές,2039,14,145.6428571
S23Χ,Follow up για χειρουργικές και ιατρικές υπηρεσίες και φροντίδα χωρίς καταστροφικές συνυπάρχουσες παθήσεις-επιπλοκές,848,6,141.3333333
S24Μ,Λοιποί παράγοντες επηρεασμού της κατάστασης της υγείας,770,4,192.5
S24Χ,Λοιποί παράγοντες επηρεασμού της κατάστασης της υγείας. την ίδια ημέρα,216,1,216
S25Α,Συγγενείς ανωμαλίες και προβλήματα από την νεογνική περίοδο,1082,4,270.5
G01Μα,Χειρουργικές επεμβάσεις που δεν σχετίζονται με κάποια κύρια διάγνωση με καταστροφικές συνυπάρχουσες παθήσεις-επιπλοκές,5709,22,259.5
G01Μβ,Χειρουργικές επεμβάσεις που δεν σχετίζονται με κάποια κύρια διάγνωση με σοβαρής βαρύτητας συνυπάρχουσες παθήσεις-επιπλοκές,3573,9,397
G01Χ,Χειρουργικές επεμβάσεις που δεν σχετίζονται με κάποια κύρια διάγνωση χωρίς συνυπάρχουσες παθήσεις-επιπλοκές,2182,3,727.3333333
W10Α,Μη εφικτό να ταξινομηθούν. μικρής βαρύτητας,2014,3,671.3333333
W11Α,Μη αποδεκτή κύρια διάγνωση. μικρής βαρύτητας,991,2,495.5
W13Α,Διάγνωση για νεογνά. που δεν είναι συμβατή με την ηλικία/βάρος. μικρής βαρύτητας,685,2,342.5
